rid,length_label,target_prompt_len,output_len,layer_id,total_prompt_kv_slots,decode_steps,unique_kv_slots_used_decode_union,kv_union_used_to_total_prompt,mean_per_decode_step_used_to_total_prompt,min_token_pos,max_token_pos
ctx128k_req000,128k,131072,1000,0,131072,1000,13590,0.10368347,0.01553527,131072,132071
ctx128k_req000,128k,131072,1000,1,131072,1000,4988,0.03805542,0.01520605,131072,132071
ctx128k_req000,128k,131072,1000,2,131072,1000,14791,0.11284637,0.01232993,131072,132071
ctx128k_req000,128k,131072,1000,3,131072,1000,10263,0.07830048,0.01416120,131072,132071
ctx128k_req000,128k,131072,1000,4,131072,1000,25862,0.19731140,0.01456438,131072,132071
ctx128k_req000,128k,131072,1000,5,131072,1000,6817,0.05200958,0.01281374,131072,132071
ctx128k_req000,128k,131072,1000,6,131072,1000,24106,0.18391418,0.01248787,131072,132071
ctx128k_req000,128k,131072,1000,7,131072,1000,16422,0.12528992,0.01215747,131072,132071
ctx128k_req000,128k,131072,1000,8,131072,1000,14614,0.11149597,0.01209801,131072,132071
ctx128k_req000,128k,131072,1000,9,131072,1000,14431,0.11009979,0.01232555,131072,132071
ctx128k_req000,128k,131072,1000,10,131072,1000,15918,0.12144470,0.01257724,131072,132071
ctx128k_req000,128k,131072,1000,11,131072,1000,33109,0.25260162,0.01264139,131072,132071
ctx128k_req000,128k,131072,1000,12,131072,1000,19867,0.15157318,0.01271532,131072,132071
ctx128k_req000,128k,131072,1000,13,131072,1000,13668,0.10427856,0.01245945,131072,132071
ctx128k_req000,128k,131072,1000,14,131072,1000,10491,0.08003998,0.01276527,131072,132071
ctx128k_req000,128k,131072,1000,15,131072,1000,18826,0.14363098,0.01270690,131072,132071
ctx128k_req000,128k,131072,1000,16,131072,1000,17059,0.13014984,0.01256786,131072,132071
ctx128k_req000,128k,131072,1000,17,131072,1000,89428,0.68228149,0.01332141,131072,132071
ctx128k_req000,128k,131072,1000,18,131072,1000,12032,0.09179688,0.01254373,131072,132071
ctx128k_req000,128k,131072,1000,19,131072,1000,28003,0.21364594,0.01268707,131072,132071
ctx128k_req000,128k,131072,1000,20,131072,1000,37090,0.28297424,0.01281169,131072,132071
ctx128k_req000,128k,131072,1000,21,131072,1000,33433,0.25507355,0.01296700,131072,132071
ctx128k_req000,128k,131072,1000,22,131072,1000,12674,0.09669495,0.01260860,131072,132071
ctx128k_req000,128k,131072,1000,23,131072,1000,14912,0.11376953,0.01250148,131072,132071
ctx128k_req000,128k,131072,1000,24,131072,1000,26696,0.20367432,0.01292915,131072,132071
ctx128k_req000,128k,131072,1000,25,131072,1000,14284,0.10897827,0.01255937,131072,132071
ctx128k_req000,128k,131072,1000,26,131072,1000,33757,0.25754547,0.01274476,131072,132071
ctx128k_req000,128k,131072,1000,27,131072,1000,26946,0.20558167,0.01291367,131072,132071
ctx128k_req000,128k,131072,1000,28,131072,1000,29585,0.22571564,0.01262481,131072,132071
ctx128k_req000,128k,131072,1000,29,131072,1000,35838,0.27342224,0.01270441,131072,132071
ctx128k_req000,128k,131072,1000,30,131072,1000,25213,0.19235992,0.01265312,131072,132071
ctx128k_req000,128k,131072,1000,31,131072,1000,23246,0.17735291,0.01268411,131072,132071
ctx128k_req000,128k,131072,1000,32,131072,1000,21089,0.16089630,0.01261185,131072,132071
ctx128k_req000,128k,131072,1000,33,131072,1000,36177,0.27600861,0.01272082,131072,132071
ctx128k_req000,128k,131072,1000,34,131072,1000,15265,0.11646271,0.01255787,131072,132071
ctx128k_req000,128k,131072,1000,35,131072,1000,25852,0.19723511,0.01288964,131072,132071
ctx128k_req000,128k,131072,1000,36,131072,1000,20476,0.15621948,0.01263116,131072,132071
ctx128k_req000,128k,131072,1000,37,131072,1000,18370,0.14015198,0.01243156,131072,132071
ctx128k_req000,128k,131072,1000,38,131072,1000,46506,0.35481262,0.01294032,131072,132071
ctx128k_req000,128k,131072,1000,39,131072,1000,50460,0.38497925,0.01267821,131072,132071
ctx128k_req000,128k,131072,1000,40,131072,1000,24770,0.18898010,0.01280909,131072,132071
ctx128k_req000,128k,131072,1000,41,131072,1000,20512,0.15649414,0.01269221,131072,132071
ctx128k_req000,128k,131072,1000,42,131072,1000,21840,0.16662598,0.01284531,131072,132071
ctx128k_req000,128k,131072,1000,43,131072,1000,43453,0.33152008,0.01302991,131072,132071
ctx128k_req000,128k,131072,1000,44,131072,1000,16096,0.12280273,0.01239511,131072,132071
ctx128k_req000,128k,131072,1000,45,131072,1000,32569,0.24848175,0.01266645,131072,132071
ctx128k_req000,128k,131072,1000,46,131072,1000,48267,0.36824799,0.01307849,131072,132071
ctx128k_req000,128k,131072,1000,47,131072,1000,17634,0.13453674,0.01254000,131072,132071
ctx128k_req000,128k,131072,1000,48,131072,1000,25539,0.19484711,0.01275665,131072,132071
ctx128k_req000,128k,131072,1000,49,131072,1000,27200,0.20751953,0.01243551,131072,132071
ctx128k_req000,128k,131072,1000,50,131072,1000,28406,0.21672058,0.01282584,131072,132071
ctx128k_req000,128k,131072,1000,51,131072,1000,25845,0.19718170,0.01265833,131072,132071
ctx128k_req000,128k,131072,1000,52,131072,1000,26522,0.20234680,0.01241588,131072,132071
ctx128k_req000,128k,131072,1000,53,131072,1000,22052,0.16824341,0.01242815,131072,132071
ctx128k_req000,128k,131072,1000,54,131072,1000,16687,0.12731171,0.01233819,131072,132071
ctx128k_req000,128k,131072,1000,55,131072,1000,45375,0.34618378,0.01251930,131072,132071
ctx128k_req000,128k,131072,1000,56,131072,1000,20453,0.15604401,0.01224255,131072,132071
ctx128k_req000,128k,131072,1000,57,131072,1000,26665,0.20343781,0.01263271,131072,132071
ctx128k_req000,128k,131072,1000,58,131072,1000,14137,0.10785675,0.01265575,131072,132071
ctx128k_req000,128k,131072,1000,59,131072,1000,20875,0.15926361,0.01250727,131072,132071
ctx128k_req000,128k,131072,1000,60,131072,1000,16087,0.12273407,0.01224274,131072,132071
ctx128k_req001,128k,131072,1000,0,131072,1000,13383,0.10210419,0.01553358,131072,132071
ctx128k_req001,128k,131072,1000,1,131072,1000,4642,0.03541565,0.01525504,131072,132071
ctx128k_req001,128k,131072,1000,2,131072,1000,13852,0.10568237,0.01233823,131072,132071
ctx128k_req001,128k,131072,1000,3,131072,1000,10330,0.07881165,0.01397099,131072,132071
ctx128k_req001,128k,131072,1000,4,131072,1000,28051,0.21401215,0.01440575,131072,132071
ctx128k_req001,128k,131072,1000,5,131072,1000,7023,0.05358124,0.01258057,131072,132071
ctx128k_req001,128k,131072,1000,6,131072,1000,24235,0.18489838,0.01249626,131072,132071
ctx128k_req001,128k,131072,1000,7,131072,1000,16986,0.12959290,0.01223261,131072,132071
ctx128k_req001,128k,131072,1000,8,131072,1000,14970,0.11421204,0.01213474,131072,132071
ctx128k_req001,128k,131072,1000,9,131072,1000,15517,0.11838531,0.01247417,131072,132071
ctx128k_req001,128k,131072,1000,10,131072,1000,16221,0.12375641,0.01264290,131072,132071
ctx128k_req001,128k,131072,1000,11,131072,1000,38910,0.29685974,0.01271593,131072,132071
ctx128k_req001,128k,131072,1000,12,131072,1000,19941,0.15213776,0.01264602,131072,132071
ctx128k_req001,128k,131072,1000,13,131072,1000,13631,0.10399628,0.01242597,131072,132071
ctx128k_req001,128k,131072,1000,14,131072,1000,10991,0.08385468,0.01275557,131072,132071
ctx128k_req001,128k,131072,1000,15,131072,1000,21291,0.16243744,0.01280502,131072,132071
ctx128k_req001,128k,131072,1000,16,131072,1000,20486,0.15629578,0.01247473,131072,132071
ctx128k_req001,128k,131072,1000,17,131072,1000,91005,0.69431305,0.01338900,131072,132071
ctx128k_req001,128k,131072,1000,18,131072,1000,12335,0.09410858,0.01249374,131072,132071
ctx128k_req001,128k,131072,1000,19,131072,1000,32271,0.24620819,0.01256381,131072,132071
ctx128k_req001,128k,131072,1000,20,131072,1000,38638,0.29478455,0.01282741,131072,132071
ctx128k_req001,128k,131072,1000,21,131072,1000,36746,0.28034973,0.01295289,131072,132071
ctx128k_req001,128k,131072,1000,22,131072,1000,14530,0.11085510,0.01260358,131072,132071
ctx128k_req001,128k,131072,1000,23,131072,1000,17563,0.13399506,0.01257745,131072,132071
ctx128k_req001,128k,131072,1000,24,131072,1000,32097,0.24488068,0.01316414,131072,132071
ctx128k_req001,128k,131072,1000,25,131072,1000,15326,0.11692810,0.01276816,131072,132071
ctx128k_req001,128k,131072,1000,26,131072,1000,39940,0.30471802,0.01303078,131072,132071
ctx128k_req001,128k,131072,1000,27,131072,1000,32710,0.24955750,0.01323337,131072,132071
ctx128k_req001,128k,131072,1000,28,131072,1000,34641,0.26428986,0.01289315,131072,132071
ctx128k_req001,128k,131072,1000,29,131072,1000,44505,0.33954620,0.01301239,131072,132071
ctx128k_req001,128k,131072,1000,30,131072,1000,30654,0.23387146,0.01300695,131072,132071
ctx128k_req001,128k,131072,1000,31,131072,1000,28622,0.21836853,0.01309622,131072,132071
ctx128k_req001,128k,131072,1000,32,131072,1000,25651,0.19570160,0.01297411,131072,132071
ctx128k_req001,128k,131072,1000,33,131072,1000,42170,0.32173157,0.01317139,131072,132071
ctx128k_req001,128k,131072,1000,34,131072,1000,17391,0.13268280,0.01299483,131072,132071
ctx128k_req001,128k,131072,1000,35,131072,1000,31016,0.23663330,0.01321262,131072,132071
ctx128k_req001,128k,131072,1000,36,131072,1000,24411,0.18624115,0.01283134,131072,132071
ctx128k_req001,128k,131072,1000,37,131072,1000,20958,0.15989685,0.01262877,131072,132071
ctx128k_req001,128k,131072,1000,38,131072,1000,49436,0.37716675,0.01311747,131072,132071
ctx128k_req001,128k,131072,1000,39,131072,1000,52492,0.40048218,0.01282617,131072,132071
ctx128k_req001,128k,131072,1000,40,131072,1000,27481,0.20966339,0.01311828,131072,132071
ctx128k_req001,128k,131072,1000,41,131072,1000,24670,0.18821716,0.01275156,131072,132071
ctx128k_req001,128k,131072,1000,42,131072,1000,26956,0.20565796,0.01293899,131072,132071
ctx128k_req001,128k,131072,1000,43,131072,1000,51992,0.39666748,0.01330247,131072,132071
ctx128k_req001,128k,131072,1000,44,131072,1000,16986,0.12959290,0.01240226,131072,132071
ctx128k_req001,128k,131072,1000,45,131072,1000,37600,0.28686523,0.01278708,131072,132071
ctx128k_req001,128k,131072,1000,46,131072,1000,51076,0.38967896,0.01316338,131072,132071
ctx128k_req001,128k,131072,1000,47,131072,1000,21274,0.16230774,0.01262384,131072,132071
ctx128k_req001,128k,131072,1000,48,131072,1000,26588,0.20285034,0.01282118,131072,132071
ctx128k_req001,128k,131072,1000,49,131072,1000,32545,0.24829865,0.01250163,131072,132071
ctx128k_req001,128k,131072,1000,50,131072,1000,31502,0.24034119,0.01297623,131072,132071
ctx128k_req001,128k,131072,1000,51,131072,1000,30610,0.23353577,0.01277335,131072,132071
ctx128k_req001,128k,131072,1000,52,131072,1000,27008,0.20605469,0.01255501,131072,132071
ctx128k_req001,128k,131072,1000,53,131072,1000,23431,0.17876434,0.01256552,131072,132071
ctx128k_req001,128k,131072,1000,54,131072,1000,19327,0.14745331,0.01241400,131072,132071
ctx128k_req001,128k,131072,1000,55,131072,1000,49556,0.37808228,0.01265089,131072,132071
ctx128k_req001,128k,131072,1000,56,131072,1000,24873,0.18976593,0.01228489,131072,132071
ctx128k_req001,128k,131072,1000,57,131072,1000,30745,0.23456573,0.01285162,131072,132071
ctx128k_req001,128k,131072,1000,58,131072,1000,16468,0.12564087,0.01260681,131072,132071
ctx128k_req001,128k,131072,1000,59,131072,1000,26523,0.20235443,0.01256696,131072,132071
ctx128k_req001,128k,131072,1000,60,131072,1000,18375,0.14019012,0.01221351,131072,132071
ctx128k_req002,128k,131072,1000,0,131072,1000,12622,0.09629822,0.01556139,131072,132071
ctx128k_req002,128k,131072,1000,1,131072,1000,5425,0.04138947,0.01522249,131072,132071
ctx128k_req002,128k,131072,1000,2,131072,1000,15157,0.11563873,0.01298502,131072,132071
ctx128k_req002,128k,131072,1000,3,131072,1000,10282,0.07844543,0.01424854,131072,132071
ctx128k_req002,128k,131072,1000,4,131072,1000,24300,0.18539429,0.01430200,131072,132071
ctx128k_req002,128k,131072,1000,5,131072,1000,8473,0.06464386,0.01291306,131072,132071
ctx128k_req002,128k,131072,1000,6,131072,1000,27575,0.21038055,0.01255260,131072,132071
ctx128k_req002,128k,131072,1000,7,131072,1000,19456,0.14843750,0.01267713,131072,132071
ctx128k_req002,128k,131072,1000,8,131072,1000,15126,0.11540222,0.01222810,131072,132071
ctx128k_req002,128k,131072,1000,9,131072,1000,13634,0.10401917,0.01296697,131072,132071
ctx128k_req002,128k,131072,1000,10,131072,1000,16137,0.12311554,0.01295879,131072,132071
ctx128k_req002,128k,131072,1000,11,131072,1000,35619,0.27175140,0.01318476,131072,132071
ctx128k_req002,128k,131072,1000,12,131072,1000,19937,0.15210724,0.01294045,131072,132071
ctx128k_req002,128k,131072,1000,13,131072,1000,12943,0.09874725,0.01266829,131072,132071
ctx128k_req002,128k,131072,1000,14,131072,1000,10891,0.08309174,0.01318311,131072,132071
ctx128k_req002,128k,131072,1000,15,131072,1000,21210,0.16181946,0.01341542,131072,132071
ctx128k_req002,128k,131072,1000,16,131072,1000,18716,0.14279175,0.01299715,131072,132071
ctx128k_req002,128k,131072,1000,17,131072,1000,84122,0.64179993,0.01360059,131072,132071
ctx128k_req002,128k,131072,1000,18,131072,1000,12365,0.09433746,0.01304809,131072,132071
ctx128k_req002,128k,131072,1000,19,131072,1000,29544,0.22540283,0.01313960,131072,132071
ctx128k_req002,128k,131072,1000,20,131072,1000,37419,0.28548431,0.01319608,131072,132071
ctx128k_req002,128k,131072,1000,21,131072,1000,35877,0.27371979,0.01338545,131072,132071
ctx128k_req002,128k,131072,1000,22,131072,1000,14119,0.10771942,0.01297366,131072,132071
ctx128k_req002,128k,131072,1000,23,131072,1000,16761,0.12787628,0.01309738,131072,132071
ctx128k_req002,128k,131072,1000,24,131072,1000,29438,0.22459412,0.01331299,131072,132071
ctx128k_req002,128k,131072,1000,25,131072,1000,14176,0.10815430,0.01305696,131072,132071
ctx128k_req002,128k,131072,1000,26,131072,1000,33746,0.25746155,0.01325018,131072,132071
ctx128k_req002,128k,131072,1000,27,131072,1000,28713,0.21906281,0.01343528,131072,132071
ctx128k_req002,128k,131072,1000,28,131072,1000,30894,0.23570251,0.01327319,131072,132071
ctx128k_req002,128k,131072,1000,29,131072,1000,40316,0.30758667,0.01332258,131072,132071
ctx128k_req002,128k,131072,1000,30,131072,1000,31769,0.24237823,0.01328783,131072,132071
ctx128k_req002,128k,131072,1000,31,131072,1000,28680,0.21881104,0.01327361,131072,132071
ctx128k_req002,128k,131072,1000,32,131072,1000,23022,0.17564392,0.01322062,131072,132071
ctx128k_req002,128k,131072,1000,33,131072,1000,37472,0.28588867,0.01323015,131072,132071
ctx128k_req002,128k,131072,1000,34,131072,1000,19206,0.14653015,0.01316421,131072,132071
ctx128k_req002,128k,131072,1000,35,131072,1000,31973,0.24393463,0.01335399,131072,132071
ctx128k_req002,128k,131072,1000,36,131072,1000,25311,0.19310760,0.01314620,131072,132071
ctx128k_req002,128k,131072,1000,37,131072,1000,21621,0.16495514,0.01317072,131072,132071
ctx128k_req002,128k,131072,1000,38,131072,1000,52650,0.40168762,0.01361839,131072,132071
ctx128k_req002,128k,131072,1000,39,131072,1000,51039,0.38939667,0.01324311,131072,132071
ctx128k_req002,128k,131072,1000,40,131072,1000,29096,0.22198486,0.01334877,131072,132071
ctx128k_req002,128k,131072,1000,41,131072,1000,25104,0.19152832,0.01320642,131072,132071
ctx128k_req002,128k,131072,1000,42,131072,1000,25163,0.19197845,0.01318489,131072,132071
ctx128k_req002,128k,131072,1000,43,131072,1000,50061,0.38193512,0.01352283,131072,132071
ctx128k_req002,128k,131072,1000,44,131072,1000,18409,0.14044952,0.01277108,131072,132071
ctx128k_req002,128k,131072,1000,45,131072,1000,41279,0.31493378,0.01318171,131072,132071
ctx128k_req002,128k,131072,1000,46,131072,1000,49328,0.37634277,0.01349087,131072,132071
ctx128k_req002,128k,131072,1000,47,131072,1000,20935,0.15972137,0.01313779,131072,132071
ctx128k_req002,128k,131072,1000,48,131072,1000,27964,0.21334839,0.01334259,131072,132071
ctx128k_req002,128k,131072,1000,49,131072,1000,34136,0.26043701,0.01301422,131072,132071
ctx128k_req002,128k,131072,1000,50,131072,1000,29972,0.22866821,0.01333058,131072,132071
ctx128k_req002,128k,131072,1000,51,131072,1000,31675,0.24166107,0.01322560,131072,132071
ctx128k_req002,128k,131072,1000,52,131072,1000,26976,0.20581055,0.01307642,131072,132071
ctx128k_req002,128k,131072,1000,53,131072,1000,19657,0.14997101,0.01301537,131072,132071
ctx128k_req002,128k,131072,1000,54,131072,1000,17232,0.13146973,0.01293459,131072,132071
ctx128k_req002,128k,131072,1000,55,131072,1000,48645,0.37113190,0.01315183,131072,132071
ctx128k_req002,128k,131072,1000,56,131072,1000,24516,0.18704224,0.01276868,131072,132071
ctx128k_req002,128k,131072,1000,57,131072,1000,33397,0.25479889,0.01321288,131072,132071
ctx128k_req002,128k,131072,1000,58,131072,1000,15717,0.11991119,0.01291587,131072,132071
ctx128k_req002,128k,131072,1000,59,131072,1000,24423,0.18633270,0.01307870,131072,132071
ctx128k_req002,128k,131072,1000,60,131072,1000,18529,0.14136505,0.01276486,131072,132071
ctx128k_req003,128k,131072,1000,0,131072,1000,13147,0.10030365,0.01551072,131072,132071
ctx128k_req003,128k,131072,1000,1,131072,1000,4737,0.03614044,0.01518024,131072,132071
ctx128k_req003,128k,131072,1000,2,131072,1000,13955,0.10646820,0.01251550,131072,132071
ctx128k_req003,128k,131072,1000,3,131072,1000,10402,0.07936096,0.01392920,131072,132071
ctx128k_req003,128k,131072,1000,4,131072,1000,24371,0.18593597,0.01432070,131072,132071
ctx128k_req003,128k,131072,1000,5,131072,1000,7496,0.05718994,0.01263546,131072,132071
ctx128k_req003,128k,131072,1000,6,131072,1000,25635,0.19557953,0.01264265,131072,132071
ctx128k_req003,128k,131072,1000,7,131072,1000,17880,0.13641357,0.01236389,131072,132071
ctx128k_req003,128k,131072,1000,8,131072,1000,14864,0.11340332,0.01221372,131072,132071
ctx128k_req003,128k,131072,1000,9,131072,1000,14849,0.11328888,0.01266849,131072,132071
ctx128k_req003,128k,131072,1000,10,131072,1000,16348,0.12472534,0.01280621,131072,132071
ctx128k_req003,128k,131072,1000,11,131072,1000,33489,0.25550079,0.01297991,131072,132071
ctx128k_req003,128k,131072,1000,12,131072,1000,19581,0.14939117,0.01282594,131072,132071
ctx128k_req003,128k,131072,1000,13,131072,1000,13570,0.10353088,0.01264478,131072,132071
ctx128k_req003,128k,131072,1000,14,131072,1000,10875,0.08296967,0.01303815,131072,132071
ctx128k_req003,128k,131072,1000,15,131072,1000,21008,0.16027832,0.01312045,131072,132071
ctx128k_req003,128k,131072,1000,16,131072,1000,18625,0.14209747,0.01291898,131072,132071
ctx128k_req003,128k,131072,1000,17,131072,1000,90227,0.68837738,0.01365985,131072,132071
ctx128k_req003,128k,131072,1000,18,131072,1000,12416,0.09472656,0.01282510,131072,132071
ctx128k_req003,128k,131072,1000,19,131072,1000,26073,0.19892120,0.01291135,131072,132071
ctx128k_req003,128k,131072,1000,20,131072,1000,33850,0.25825500,0.01320227,131072,132071
ctx128k_req003,128k,131072,1000,21,131072,1000,32758,0.24992371,0.01327763,131072,132071
ctx128k_req003,128k,131072,1000,22,131072,1000,13615,0.10387421,0.01292064,131072,132071
ctx128k_req003,128k,131072,1000,23,131072,1000,16917,0.12906647,0.01279769,131072,132071
ctx128k_req003,128k,131072,1000,24,131072,1000,30667,0.23397064,0.01341128,131072,132071
ctx128k_req003,128k,131072,1000,25,131072,1000,14824,0.11309814,0.01285448,131072,132071
ctx128k_req003,128k,131072,1000,26,131072,1000,35638,0.27189636,0.01327327,131072,132071
ctx128k_req003,128k,131072,1000,27,131072,1000,29603,0.22585297,0.01334167,131072,132071
ctx128k_req003,128k,131072,1000,28,131072,1000,31831,0.24285126,0.01300042,131072,132071
ctx128k_req003,128k,131072,1000,29,131072,1000,40440,0.30853271,0.01322919,131072,132071
ctx128k_req003,128k,131072,1000,30,131072,1000,28162,0.21485901,0.01305928,131072,132071
ctx128k_req003,128k,131072,1000,31,131072,1000,27890,0.21278381,0.01314404,131072,132071
ctx128k_req003,128k,131072,1000,32,131072,1000,24435,0.18642426,0.01307158,131072,132071
ctx128k_req003,128k,131072,1000,33,131072,1000,41748,0.31851196,0.01320541,131072,132071
ctx128k_req003,128k,131072,1000,34,131072,1000,17242,0.13154602,0.01308124,131072,132071
ctx128k_req003,128k,131072,1000,35,131072,1000,30577,0.23328400,0.01328265,131072,132071
ctx128k_req003,128k,131072,1000,36,131072,1000,23902,0.18235779,0.01307837,131072,132071
ctx128k_req003,128k,131072,1000,37,131072,1000,19460,0.14846802,0.01277988,131072,132071
ctx128k_req003,128k,131072,1000,38,131072,1000,48682,0.37141418,0.01321159,131072,132071
ctx128k_req003,128k,131072,1000,39,131072,1000,51905,0.39600372,0.01294697,131072,132071
ctx128k_req003,128k,131072,1000,40,131072,1000,27902,0.21287537,0.01316278,131072,132071
ctx128k_req003,128k,131072,1000,41,131072,1000,23264,0.17749023,0.01301552,131072,132071
ctx128k_req003,128k,131072,1000,42,131072,1000,25948,0.19796753,0.01325056,131072,132071
ctx128k_req003,128k,131072,1000,43,131072,1000,50742,0.38713074,0.01342317,131072,132071
ctx128k_req003,128k,131072,1000,44,131072,1000,17514,0.13362122,0.01255354,131072,132071
ctx128k_req003,128k,131072,1000,45,131072,1000,39630,0.30235291,0.01297746,131072,132071
ctx128k_req003,128k,131072,1000,46,131072,1000,52388,0.39968872,0.01341621,131072,132071
ctx128k_req003,128k,131072,1000,47,131072,1000,19358,0.14768982,0.01264777,131072,132071
ctx128k_req003,128k,131072,1000,48,131072,1000,27549,0.21018219,0.01293382,131072,132071
ctx128k_req003,128k,131072,1000,49,131072,1000,32762,0.24995422,0.01258176,131072,132071
ctx128k_req003,128k,131072,1000,50,131072,1000,30763,0.23470306,0.01303300,131072,132071
ctx128k_req003,128k,131072,1000,51,131072,1000,30477,0.23252106,0.01277414,131072,132071
ctx128k_req003,128k,131072,1000,52,131072,1000,26309,0.20072174,0.01268327,131072,132071
ctx128k_req003,128k,131072,1000,53,131072,1000,22488,0.17156982,0.01260629,131072,132071
ctx128k_req003,128k,131072,1000,54,131072,1000,17539,0.13381195,0.01234789,131072,132071
ctx128k_req003,128k,131072,1000,55,131072,1000,48728,0.37176514,0.01263706,131072,132071
ctx128k_req003,128k,131072,1000,56,131072,1000,22169,0.16913605,0.01246013,131072,132071
ctx128k_req003,128k,131072,1000,57,131072,1000,29609,0.22589874,0.01283921,131072,132071
ctx128k_req003,128k,131072,1000,58,131072,1000,15513,0.11835480,0.01283175,131072,132071
ctx128k_req003,128k,131072,1000,59,131072,1000,24049,0.18347931,0.01287108,131072,132071
ctx128k_req003,128k,131072,1000,60,131072,1000,18199,0.13884735,0.01232860,131072,132071
ctx128k_req004,128k,131072,1000,0,131072,1000,12986,0.09907532,0.01552096,131072,132071
ctx128k_req004,128k,131072,1000,1,131072,1000,4754,0.03627014,0.01525274,131072,132071
ctx128k_req004,128k,131072,1000,2,131072,1000,14913,0.11377716,0.01248928,131072,132071
ctx128k_req004,128k,131072,1000,3,131072,1000,9751,0.07439423,0.01400214,131072,132071
ctx128k_req004,128k,131072,1000,4,131072,1000,29851,0.22774506,0.01435164,131072,132071
ctx128k_req004,128k,131072,1000,5,131072,1000,7166,0.05467224,0.01271117,131072,132071
ctx128k_req004,128k,131072,1000,6,131072,1000,26039,0.19866180,0.01247063,131072,132071
ctx128k_req004,128k,131072,1000,7,131072,1000,17718,0.13517761,0.01239478,131072,132071
ctx128k_req004,128k,131072,1000,8,131072,1000,15161,0.11566925,0.01217925,131072,132071
ctx128k_req004,128k,131072,1000,9,131072,1000,17911,0.13665009,0.01296265,131072,132071
ctx128k_req004,128k,131072,1000,10,131072,1000,16571,0.12642670,0.01306261,131072,132071
ctx128k_req004,128k,131072,1000,11,131072,1000,48846,0.37266541,0.01331680,131072,132071
ctx128k_req004,128k,131072,1000,12,131072,1000,20341,0.15518951,0.01279893,131072,132071
ctx128k_req004,128k,131072,1000,13,131072,1000,14460,0.11032104,0.01266160,131072,132071
ctx128k_req004,128k,131072,1000,14,131072,1000,11883,0.09066010,0.01335789,131072,132071
ctx128k_req004,128k,131072,1000,15,131072,1000,25543,0.19487762,0.01357456,131072,132071
ctx128k_req004,128k,131072,1000,16,131072,1000,23927,0.18254852,0.01309888,131072,132071
ctx128k_req004,128k,131072,1000,17,131072,1000,97176,0.74139404,0.01386710,131072,132071
ctx128k_req004,128k,131072,1000,18,131072,1000,13038,0.09947205,0.01296088,131072,132071
ctx128k_req004,128k,131072,1000,19,131072,1000,36242,0.27650452,0.01338091,131072,132071
ctx128k_req004,128k,131072,1000,20,131072,1000,54694,0.41728210,0.01366765,131072,132071
ctx128k_req004,128k,131072,1000,21,131072,1000,45849,0.34980011,0.01377928,131072,132071
ctx128k_req004,128k,131072,1000,22,131072,1000,16249,0.12397003,0.01330515,131072,132071
ctx128k_req004,128k,131072,1000,23,131072,1000,20540,0.15670776,0.01338390,131072,132071
ctx128k_req004,128k,131072,1000,24,131072,1000,38561,0.29419708,0.01397146,131072,132071
ctx128k_req004,128k,131072,1000,25,131072,1000,17428,0.13296509,0.01342139,131072,132071
ctx128k_req004,128k,131072,1000,26,131072,1000,50230,0.38322449,0.01389240,131072,132071
ctx128k_req004,128k,131072,1000,27,131072,1000,40814,0.31138611,0.01407616,131072,132071
ctx128k_req004,128k,131072,1000,28,131072,1000,42162,0.32167053,0.01378224,131072,132071
ctx128k_req004,128k,131072,1000,29,131072,1000,52143,0.39781952,0.01390686,131072,132071
ctx128k_req004,128k,131072,1000,30,131072,1000,39506,0.30140686,0.01376871,131072,132071
ctx128k_req004,128k,131072,1000,31,131072,1000,37772,0.28817749,0.01397124,131072,132071
ctx128k_req004,128k,131072,1000,32,131072,1000,35533,0.27109528,0.01396295,131072,132071
ctx128k_req004,128k,131072,1000,33,131072,1000,53959,0.41167450,0.01404777,131072,132071
ctx128k_req004,128k,131072,1000,34,131072,1000,21886,0.16697693,0.01391558,131072,132071
ctx128k_req004,128k,131072,1000,35,131072,1000,42837,0.32682037,0.01407205,131072,132071
ctx128k_req004,128k,131072,1000,36,131072,1000,30790,0.23490906,0.01357446,131072,132071
ctx128k_req004,128k,131072,1000,37,131072,1000,22030,0.16807556,0.01366889,131072,132071
ctx128k_req004,128k,131072,1000,38,131072,1000,58817,0.44873810,0.01385815,131072,132071
ctx128k_req004,128k,131072,1000,39,131072,1000,64454,0.49174500,0.01376361,131072,132071
ctx128k_req004,128k,131072,1000,40,131072,1000,33799,0.25786591,0.01384227,131072,132071
ctx128k_req004,128k,131072,1000,41,131072,1000,29106,0.22206116,0.01364917,131072,132071
ctx128k_req004,128k,131072,1000,42,131072,1000,30923,0.23592377,0.01365687,131072,132071
ctx128k_req004,128k,131072,1000,43,131072,1000,60359,0.46050262,0.01406182,131072,132071
ctx128k_req004,128k,131072,1000,44,131072,1000,17269,0.13175201,0.01293922,131072,132071
ctx128k_req004,128k,131072,1000,45,131072,1000,45370,0.34614563,0.01353079,131072,132071
ctx128k_req004,128k,131072,1000,46,131072,1000,62312,0.47540283,0.01394789,131072,132071
ctx128k_req004,128k,131072,1000,47,131072,1000,22639,0.17272186,0.01327593,131072,132071
ctx128k_req004,128k,131072,1000,48,131072,1000,33891,0.25856781,0.01377315,131072,132071
ctx128k_req004,128k,131072,1000,49,131072,1000,42742,0.32609558,0.01330752,131072,132071
ctx128k_req004,128k,131072,1000,50,131072,1000,41248,0.31469727,0.01382460,131072,132071
ctx128k_req004,128k,131072,1000,51,131072,1000,35385,0.26996613,0.01342268,131072,132071
ctx128k_req004,128k,131072,1000,52,131072,1000,28741,0.21927643,0.01329793,131072,132071
ctx128k_req004,128k,131072,1000,53,131072,1000,24363,0.18587494,0.01321324,131072,132071
ctx128k_req004,128k,131072,1000,54,131072,1000,23183,0.17687225,0.01318578,131072,132071
ctx128k_req004,128k,131072,1000,55,131072,1000,62303,0.47533417,0.01345141,131072,132071
ctx128k_req004,128k,131072,1000,56,131072,1000,27727,0.21154022,0.01300942,131072,132071
ctx128k_req004,128k,131072,1000,57,131072,1000,34712,0.26483154,0.01344576,131072,132071
ctx128k_req004,128k,131072,1000,58,131072,1000,17875,0.13637543,0.01318597,131072,132071
ctx128k_req004,128k,131072,1000,59,131072,1000,32008,0.24420166,0.01339815,131072,132071
ctx128k_req004,128k,131072,1000,60,131072,1000,20756,0.15835571,0.01279915,131072,132071
ctx128k_req005,128k,131072,1000,0,131072,1000,13521,0.10315704,0.01554156,131072,132071
ctx128k_req005,128k,131072,1000,1,131072,1000,5073,0.03870392,0.01515025,131072,132071
ctx128k_req005,128k,131072,1000,2,131072,1000,14893,0.11362457,0.01240385,131072,132071
ctx128k_req005,128k,131072,1000,3,131072,1000,9721,0.07416534,0.01402165,131072,132071
ctx128k_req005,128k,131072,1000,4,131072,1000,25940,0.19790649,0.01446912,131072,132071
ctx128k_req005,128k,131072,1000,5,131072,1000,6805,0.05191803,0.01290755,131072,132071
ctx128k_req005,128k,131072,1000,6,131072,1000,23576,0.17987061,0.01271764,131072,132071
ctx128k_req005,128k,131072,1000,7,131072,1000,17034,0.12995911,0.01262753,131072,132071
ctx128k_req005,128k,131072,1000,8,131072,1000,14484,0.11050415,0.01230339,131072,132071
ctx128k_req005,128k,131072,1000,9,131072,1000,15556,0.11868286,0.01319754,131072,132071
ctx128k_req005,128k,131072,1000,10,131072,1000,16697,0.12738800,0.01323637,131072,132071
ctx128k_req005,128k,131072,1000,11,131072,1000,40860,0.31173706,0.01337691,131072,132071
ctx128k_req005,128k,131072,1000,12,131072,1000,20295,0.15483856,0.01288721,131072,132071
ctx128k_req005,128k,131072,1000,13,131072,1000,14505,0.11066437,0.01281762,131072,132071
ctx128k_req005,128k,131072,1000,14,131072,1000,11454,0.08738708,0.01348295,131072,132071
ctx128k_req005,128k,131072,1000,15,131072,1000,24429,0.18637848,0.01354948,131072,132071
ctx128k_req005,128k,131072,1000,16,131072,1000,23734,0.18107605,0.01314091,131072,132071
ctx128k_req005,128k,131072,1000,17,131072,1000,94247,0.71904755,0.01396464,131072,132071
ctx128k_req005,128k,131072,1000,18,131072,1000,14422,0.11003113,0.01287621,131072,132071
ctx128k_req005,128k,131072,1000,19,131072,1000,34365,0.26218414,0.01318253,131072,132071
ctx128k_req005,128k,131072,1000,20,131072,1000,48676,0.37136841,0.01348867,131072,132071
ctx128k_req005,128k,131072,1000,21,131072,1000,41673,0.31793976,0.01363834,131072,132071
ctx128k_req005,128k,131072,1000,22,131072,1000,15765,0.12027740,0.01314219,131072,132071
ctx128k_req005,128k,131072,1000,23,131072,1000,18263,0.13933563,0.01322412,131072,132071
ctx128k_req005,128k,131072,1000,24,131072,1000,34169,0.26068878,0.01379737,131072,132071
ctx128k_req005,128k,131072,1000,25,131072,1000,16907,0.12899017,0.01319778,131072,132071
ctx128k_req005,128k,131072,1000,26,131072,1000,42537,0.32453156,0.01372912,131072,132071
ctx128k_req005,128k,131072,1000,27,131072,1000,33905,0.25867462,0.01392178,131072,132071
ctx128k_req005,128k,131072,1000,28,131072,1000,36681,0.27985382,0.01346606,131072,132071
ctx128k_req005,128k,131072,1000,29,131072,1000,46822,0.35722351,0.01372675,131072,132071
ctx128k_req005,128k,131072,1000,30,131072,1000,34379,0.26229095,0.01355929,131072,132071
ctx128k_req005,128k,131072,1000,31,131072,1000,33868,0.25839233,0.01383274,131072,132071
ctx128k_req005,128k,131072,1000,32,131072,1000,29496,0.22503662,0.01377574,131072,132071
ctx128k_req005,128k,131072,1000,33,131072,1000,43164,0.32931519,0.01390453,131072,132071
ctx128k_req005,128k,131072,1000,34,131072,1000,18213,0.13895416,0.01365076,131072,132071
ctx128k_req005,128k,131072,1000,35,131072,1000,33178,0.25312805,0.01388197,131072,132071
ctx128k_req005,128k,131072,1000,36,131072,1000,28211,0.21523285,0.01319322,131072,132071
ctx128k_req005,128k,131072,1000,37,131072,1000,19707,0.15035248,0.01319173,131072,132071
ctx128k_req005,128k,131072,1000,38,131072,1000,46430,0.35423279,0.01365726,131072,132071
ctx128k_req005,128k,131072,1000,39,131072,1000,53980,0.41183472,0.01347080,131072,132071
ctx128k_req005,128k,131072,1000,40,131072,1000,28709,0.21903229,0.01356449,131072,132071
ctx128k_req005,128k,131072,1000,41,131072,1000,24661,0.18814850,0.01331402,131072,132071
ctx128k_req005,128k,131072,1000,42,131072,1000,27707,0.21138763,0.01332122,131072,132071
ctx128k_req005,128k,131072,1000,43,131072,1000,51221,0.39078522,0.01386202,131072,132071
ctx128k_req005,128k,131072,1000,44,131072,1000,16253,0.12400055,0.01268652,131072,132071
ctx128k_req005,128k,131072,1000,45,131072,1000,36789,0.28067780,0.01333407,131072,132071
ctx128k_req005,128k,131072,1000,46,131072,1000,53107,0.40517426,0.01394904,131072,132071
ctx128k_req005,128k,131072,1000,47,131072,1000,19117,0.14585114,0.01321926,131072,132071
ctx128k_req005,128k,131072,1000,48,131072,1000,29159,0.22246552,0.01354954,131072,132071
ctx128k_req005,128k,131072,1000,49,131072,1000,35317,0.26944733,0.01308302,131072,132071
ctx128k_req005,128k,131072,1000,50,131072,1000,32687,0.24938202,0.01370742,131072,132071
ctx128k_req005,128k,131072,1000,51,131072,1000,28293,0.21585846,0.01340398,131072,132071
ctx128k_req005,128k,131072,1000,52,131072,1000,28073,0.21417999,0.01295264,131072,132071
ctx128k_req005,128k,131072,1000,53,131072,1000,22818,0.17408752,0.01296226,131072,132071
ctx128k_req005,128k,131072,1000,54,131072,1000,20075,0.15316010,0.01280204,131072,132071
ctx128k_req005,128k,131072,1000,55,131072,1000,48868,0.37283325,0.01320422,131072,132071
ctx128k_req005,128k,131072,1000,56,131072,1000,22180,0.16921997,0.01291633,131072,132071
ctx128k_req005,128k,131072,1000,57,131072,1000,28307,0.21596527,0.01322391,131072,132071
ctx128k_req005,128k,131072,1000,58,131072,1000,17144,0.13079834,0.01296572,131072,132071
ctx128k_req005,128k,131072,1000,59,131072,1000,25807,0.19689178,0.01316959,131072,132071
ctx128k_req005,128k,131072,1000,60,131072,1000,20819,0.15883636,0.01250299,131072,132071
ctx128k_req006,128k,131072,1000,0,131072,1000,13169,0.10047150,0.01553821,131072,132071
ctx128k_req006,128k,131072,1000,1,131072,1000,4810,0.03669739,0.01515911,131072,132071
ctx128k_req006,128k,131072,1000,2,131072,1000,14804,0.11294556,0.01232969,131072,132071
ctx128k_req006,128k,131072,1000,3,131072,1000,9862,0.07524109,0.01407291,131072,132071
ctx128k_req006,128k,131072,1000,4,131072,1000,28132,0.21463013,0.01440409,131072,132071
ctx128k_req006,128k,131072,1000,5,131072,1000,6645,0.05069733,0.01261168,131072,132071
ctx128k_req006,128k,131072,1000,6,131072,1000,23085,0.17612457,0.01250092,131072,132071
ctx128k_req006,128k,131072,1000,7,131072,1000,16847,0.12853241,0.01232060,131072,132071
ctx128k_req006,128k,131072,1000,8,131072,1000,14531,0.11086273,0.01216911,131072,132071
ctx128k_req006,128k,131072,1000,9,131072,1000,16256,0.12402344,0.01309016,131072,132071
ctx128k_req006,128k,131072,1000,10,131072,1000,16236,0.12387085,0.01308822,131072,132071
ctx128k_req006,128k,131072,1000,11,131072,1000,40135,0.30620575,0.01314685,131072,132071
ctx128k_req006,128k,131072,1000,12,131072,1000,19869,0.15158844,0.01285686,131072,132071
ctx128k_req006,128k,131072,1000,13,131072,1000,14001,0.10681915,0.01271082,131072,132071
ctx128k_req006,128k,131072,1000,14,131072,1000,11176,0.08526611,0.01325060,131072,132071
ctx128k_req006,128k,131072,1000,15,131072,1000,22045,0.16819000,0.01338467,131072,132071
ctx128k_req006,128k,131072,1000,16,131072,1000,20966,0.15995789,0.01309401,131072,132071
ctx128k_req006,128k,131072,1000,17,131072,1000,96131,0.73342133,0.01391252,131072,132071
ctx128k_req006,128k,131072,1000,18,131072,1000,13471,0.10277557,0.01293199,131072,132071
ctx128k_req006,128k,131072,1000,19,131072,1000,36537,0.27875519,0.01310442,131072,132071
ctx128k_req006,128k,131072,1000,20,131072,1000,53934,0.41148376,0.01356245,131072,132071
ctx128k_req006,128k,131072,1000,21,131072,1000,48661,0.37125397,0.01369316,131072,132071
ctx128k_req006,128k,131072,1000,22,131072,1000,17115,0.13057709,0.01320460,131072,132071
ctx128k_req006,128k,131072,1000,23,131072,1000,21958,0.16752625,0.01321986,131072,132071
ctx128k_req006,128k,131072,1000,24,131072,1000,37816,0.28851318,0.01387022,131072,132071
ctx128k_req006,128k,131072,1000,25,131072,1000,18910,0.14427185,0.01331393,131072,132071
ctx128k_req006,128k,131072,1000,26,131072,1000,46891,0.35774994,0.01375726,131072,132071
ctx128k_req006,128k,131072,1000,27,131072,1000,38660,0.29495239,0.01395173,131072,132071
ctx128k_req006,128k,131072,1000,28,131072,1000,41636,0.31765747,0.01353934,131072,132071
ctx128k_req006,128k,131072,1000,29,131072,1000,51503,0.39293671,0.01378174,131072,132071
ctx128k_req006,128k,131072,1000,30,131072,1000,40222,0.30686951,0.01367156,131072,132071
ctx128k_req006,128k,131072,1000,31,131072,1000,37524,0.28628540,0.01397980,131072,132071
ctx128k_req006,128k,131072,1000,32,131072,1000,34477,0.26303864,0.01378710,131072,132071
ctx128k_req006,128k,131072,1000,33,131072,1000,50756,0.38723755,0.01403926,131072,132071
ctx128k_req006,128k,131072,1000,34,131072,1000,22314,0.17024231,0.01368764,131072,132071
ctx128k_req006,128k,131072,1000,35,131072,1000,39584,0.30200195,0.01400377,131072,132071
ctx128k_req006,128k,131072,1000,36,131072,1000,33980,0.25924683,0.01337689,131072,132071
ctx128k_req006,128k,131072,1000,37,131072,1000,22502,0.17167664,0.01330495,131072,132071
ctx128k_req006,128k,131072,1000,38,131072,1000,54266,0.41401672,0.01376974,131072,132071
ctx128k_req006,128k,131072,1000,39,131072,1000,60972,0.46517944,0.01361194,131072,132071
ctx128k_req006,128k,131072,1000,40,131072,1000,35286,0.26921082,0.01382120,131072,132071
ctx128k_req006,128k,131072,1000,41,131072,1000,27306,0.20832825,0.01351119,131072,132071
ctx128k_req006,128k,131072,1000,42,131072,1000,30771,0.23476410,0.01357854,131072,132071
ctx128k_req006,128k,131072,1000,43,131072,1000,58222,0.44419861,0.01406075,131072,132071
ctx128k_req006,128k,131072,1000,44,131072,1000,17010,0.12977600,0.01282707,131072,132071
ctx128k_req006,128k,131072,1000,45,131072,1000,42638,0.32530212,0.01352098,131072,132071
ctx128k_req006,128k,131072,1000,46,131072,1000,58926,0.44956970,0.01406281,131072,132071
ctx128k_req006,128k,131072,1000,47,131072,1000,22387,0.17079926,0.01331634,131072,132071
ctx128k_req006,128k,131072,1000,48,131072,1000,33361,0.25452423,0.01362727,131072,132071
ctx128k_req006,128k,131072,1000,49,131072,1000,41261,0.31479645,0.01319363,131072,132071
ctx128k_req006,128k,131072,1000,50,131072,1000,37966,0.28965759,0.01376591,131072,132071
ctx128k_req006,128k,131072,1000,51,131072,1000,33792,0.25781250,0.01348795,131072,132071
ctx128k_req006,128k,131072,1000,52,131072,1000,30376,0.23175049,0.01317637,131072,132071
ctx128k_req006,128k,131072,1000,53,131072,1000,26601,0.20294952,0.01297705,131072,132071
ctx128k_req006,128k,131072,1000,54,131072,1000,24487,0.18682098,0.01307749,131072,132071
ctx128k_req006,128k,131072,1000,55,131072,1000,58790,0.44853210,0.01333336,131072,132071
ctx128k_req006,128k,131072,1000,56,131072,1000,28536,0.21771240,0.01292351,131072,132071
ctx128k_req006,128k,131072,1000,57,131072,1000,31878,0.24320984,0.01326294,131072,132071
ctx128k_req006,128k,131072,1000,58,131072,1000,17324,0.13217163,0.01303145,131072,132071
ctx128k_req006,128k,131072,1000,59,131072,1000,29640,0.22613525,0.01323998,131072,132071
ctx128k_req006,128k,131072,1000,60,131072,1000,20992,0.16015625,0.01263041,131072,132071
ctx128k_req007,128k,131072,1000,0,131072,1000,13271,0.10124969,0.01553605,131072,132071
ctx128k_req007,128k,131072,1000,1,131072,1000,5099,0.03890228,0.01513412,131072,132071
ctx128k_req007,128k,131072,1000,2,131072,1000,14880,0.11352539,0.01246234,131072,132071
ctx128k_req007,128k,131072,1000,3,131072,1000,9791,0.07469940,0.01405232,131072,132071
ctx128k_req007,128k,131072,1000,4,131072,1000,28220,0.21530151,0.01440640,131072,132071
ctx128k_req007,128k,131072,1000,5,131072,1000,7152,0.05456543,0.01275366,131072,132071
ctx128k_req007,128k,131072,1000,6,131072,1000,24994,0.19068909,0.01247771,131072,132071
ctx128k_req007,128k,131072,1000,7,131072,1000,18426,0.14057922,0.01231167,131072,132071
ctx128k_req007,128k,131072,1000,8,131072,1000,14988,0.11434937,0.01207227,131072,132071
ctx128k_req007,128k,131072,1000,9,131072,1000,16826,0.12837219,0.01270451,131072,132071
ctx128k_req007,128k,131072,1000,10,131072,1000,16731,0.12764740,0.01287656,131072,132071
ctx128k_req007,128k,131072,1000,11,131072,1000,43950,0.33531189,0.01290727,131072,132071
ctx128k_req007,128k,131072,1000,12,131072,1000,20049,0.15296173,0.01272234,131072,132071
ctx128k_req007,128k,131072,1000,13,131072,1000,14491,0.11055756,0.01248125,131072,132071
ctx128k_req007,128k,131072,1000,14,131072,1000,12122,0.09248352,0.01313560,131072,132071
ctx128k_req007,128k,131072,1000,15,131072,1000,25387,0.19368744,0.01314615,131072,132071
ctx128k_req007,128k,131072,1000,16,131072,1000,24491,0.18685150,0.01270267,131072,132071
ctx128k_req007,128k,131072,1000,17,131072,1000,95646,0.72972107,0.01370077,131072,132071
ctx128k_req007,128k,131072,1000,18,131072,1000,13916,0.10617065,0.01257465,131072,132071
ctx128k_req007,128k,131072,1000,19,131072,1000,31492,0.24026489,0.01271436,131072,132071
ctx128k_req007,128k,131072,1000,20,131072,1000,42803,0.32656097,0.01305978,131072,132071
ctx128k_req007,128k,131072,1000,21,131072,1000,39332,0.30007935,0.01333198,131072,132071
ctx128k_req007,128k,131072,1000,22,131072,1000,16151,0.12322235,0.01278766,131072,132071
ctx128k_req007,128k,131072,1000,23,131072,1000,20559,0.15685272,0.01279005,131072,132071
ctx128k_req007,128k,131072,1000,24,131072,1000,34695,0.26470184,0.01337466,131072,132071
ctx128k_req007,128k,131072,1000,25,131072,1000,16640,0.12695312,0.01295647,131072,132071
ctx128k_req007,128k,131072,1000,26,131072,1000,44536,0.33978271,0.01330624,131072,132071
ctx128k_req007,128k,131072,1000,27,131072,1000,36899,0.28151703,0.01360367,131072,132071
ctx128k_req007,128k,131072,1000,28,131072,1000,38230,0.29167175,0.01323509,131072,132071
ctx128k_req007,128k,131072,1000,29,131072,1000,50107,0.38228607,0.01348418,131072,132071
ctx128k_req007,128k,131072,1000,30,131072,1000,34591,0.26390839,0.01347205,131072,132071
ctx128k_req007,128k,131072,1000,31,131072,1000,33600,0.25634766,0.01349318,131072,132071
ctx128k_req007,128k,131072,1000,32,131072,1000,29671,0.22637177,0.01347924,131072,132071
ctx128k_req007,128k,131072,1000,33,131072,1000,49404,0.37692261,0.01365048,131072,132071
ctx128k_req007,128k,131072,1000,34,131072,1000,21075,0.16078949,0.01345370,131072,132071
ctx128k_req007,128k,131072,1000,35,131072,1000,38353,0.29261017,0.01367564,131072,132071
ctx128k_req007,128k,131072,1000,36,131072,1000,28111,0.21446991,0.01312897,131072,132071
ctx128k_req007,128k,131072,1000,37,131072,1000,22228,0.16958618,0.01321880,131072,132071
ctx128k_req007,128k,131072,1000,38,131072,1000,53335,0.40691376,0.01342899,131072,132071
ctx128k_req007,128k,131072,1000,39,131072,1000,60077,0.45835114,0.01326145,131072,132071
ctx128k_req007,128k,131072,1000,40,131072,1000,31336,0.23907471,0.01332934,131072,132071
ctx128k_req007,128k,131072,1000,41,131072,1000,27386,0.20893860,0.01314919,131072,132071
ctx128k_req007,128k,131072,1000,42,131072,1000,26556,0.20260620,0.01324931,131072,132071
ctx128k_req007,128k,131072,1000,43,131072,1000,56554,0.43147278,0.01366060,131072,132071
ctx128k_req007,128k,131072,1000,44,131072,1000,17905,0.13660431,0.01269067,131072,132071
ctx128k_req007,128k,131072,1000,45,131072,1000,41172,0.31411743,0.01312510,131072,132071
ctx128k_req007,128k,131072,1000,46,131072,1000,59873,0.45679474,0.01367103,131072,132071
ctx128k_req007,128k,131072,1000,47,131072,1000,21505,0.16407013,0.01306835,131072,132071
ctx128k_req007,128k,131072,1000,48,131072,1000,31232,0.23828125,0.01336237,131072,132071
ctx128k_req007,128k,131072,1000,49,131072,1000,36057,0.27509308,0.01293859,131072,132071
ctx128k_req007,128k,131072,1000,50,131072,1000,36303,0.27696991,0.01351852,131072,132071
ctx128k_req007,128k,131072,1000,51,131072,1000,32237,0.24594879,0.01337644,131072,132071
ctx128k_req007,128k,131072,1000,52,131072,1000,28350,0.21629333,0.01305084,131072,132071
ctx128k_req007,128k,131072,1000,53,131072,1000,23856,0.18200684,0.01290419,131072,132071
ctx128k_req007,128k,131072,1000,54,131072,1000,21152,0.16137695,0.01294877,131072,132071
ctx128k_req007,128k,131072,1000,55,131072,1000,56186,0.42866516,0.01317139,131072,132071
ctx128k_req007,128k,131072,1000,56,131072,1000,25136,0.19177246,0.01271915,131072,132071
ctx128k_req007,128k,131072,1000,57,131072,1000,30525,0.23288727,0.01322080,131072,132071
ctx128k_req007,128k,131072,1000,58,131072,1000,17528,0.13372803,0.01285062,131072,132071
ctx128k_req007,128k,131072,1000,59,131072,1000,27958,0.21330261,0.01299609,131072,132071
ctx128k_req007,128k,131072,1000,60,131072,1000,19304,0.14727783,0.01242663,131072,132071
ctx128k_req008,128k,131072,1000,0,131072,1000,13155,0.10036469,0.01552076,131072,132071
ctx128k_req008,128k,131072,1000,1,131072,1000,4889,0.03730011,0.01522487,131072,132071
ctx128k_req008,128k,131072,1000,2,131072,1000,14055,0.10723114,0.01245010,131072,132071
ctx128k_req008,128k,131072,1000,3,131072,1000,9994,0.07624817,0.01400866,131072,132071
ctx128k_req008,128k,131072,1000,4,131072,1000,27840,0.21240234,0.01443844,131072,132071
ctx128k_req008,128k,131072,1000,5,131072,1000,7541,0.05753326,0.01280103,131072,132071
ctx128k_req008,128k,131072,1000,6,131072,1000,24382,0.18601990,0.01250894,131072,132071
ctx128k_req008,128k,131072,1000,7,131072,1000,16926,0.12913513,0.01236430,131072,132071
ctx128k_req008,128k,131072,1000,8,131072,1000,14997,0.11441803,0.01214599,131072,132071
ctx128k_req008,128k,131072,1000,9,131072,1000,15861,0.12100983,0.01266522,131072,132071
ctx128k_req008,128k,131072,1000,10,131072,1000,16180,0.12344360,0.01292716,131072,132071
ctx128k_req008,128k,131072,1000,11,131072,1000,40920,0.31219482,0.01298418,131072,132071
ctx128k_req008,128k,131072,1000,12,131072,1000,19198,0.14646912,0.01282533,131072,132071
ctx128k_req008,128k,131072,1000,13,131072,1000,13531,0.10323334,0.01251096,131072,132071
ctx128k_req008,128k,131072,1000,14,131072,1000,10776,0.08221436,0.01297826,131072,132071
ctx128k_req008,128k,131072,1000,15,131072,1000,23288,0.17767334,0.01322240,131072,132071
ctx128k_req008,128k,131072,1000,16,131072,1000,20500,0.15640259,0.01280585,131072,132071
ctx128k_req008,128k,131072,1000,17,131072,1000,91555,0.69850922,0.01367648,131072,132071
ctx128k_req008,128k,131072,1000,18,131072,1000,11988,0.09146118,0.01278288,131072,132071
ctx128k_req008,128k,131072,1000,19,131072,1000,32270,0.24620056,0.01297162,131072,132071
ctx128k_req008,128k,131072,1000,20,131072,1000,41697,0.31812286,0.01329102,131072,132071
ctx128k_req008,128k,131072,1000,21,131072,1000,38722,0.29542542,0.01335190,131072,132071
ctx128k_req008,128k,131072,1000,22,131072,1000,14329,0.10932159,0.01289932,131072,132071
ctx128k_req008,128k,131072,1000,23,131072,1000,17784,0.13568115,0.01303892,131072,132071
ctx128k_req008,128k,131072,1000,24,131072,1000,33186,0.25318909,0.01364205,131072,132071
ctx128k_req008,128k,131072,1000,25,131072,1000,14674,0.11195374,0.01309477,131072,132071
ctx128k_req008,128k,131072,1000,26,131072,1000,41542,0.31694031,0.01343947,131072,132071
ctx128k_req008,128k,131072,1000,27,131072,1000,32812,0.25033569,0.01360744,131072,132071
ctx128k_req008,128k,131072,1000,28,131072,1000,34909,0.26633453,0.01328961,131072,132071
ctx128k_req008,128k,131072,1000,29,131072,1000,44222,0.33738708,0.01340163,131072,132071
ctx128k_req008,128k,131072,1000,30,131072,1000,30481,0.23255157,0.01329668,131072,132071
ctx128k_req008,128k,131072,1000,31,131072,1000,30205,0.23044586,0.01344481,131072,132071
ctx128k_req008,128k,131072,1000,32,131072,1000,25523,0.19472504,0.01341894,131072,132071
ctx128k_req008,128k,131072,1000,33,131072,1000,44468,0.33926392,0.01359020,131072,132071
ctx128k_req008,128k,131072,1000,34,131072,1000,17754,0.13545227,0.01346275,131072,132071
ctx128k_req008,128k,131072,1000,35,131072,1000,34262,0.26139832,0.01369235,131072,132071
ctx128k_req008,128k,131072,1000,36,131072,1000,23860,0.18203735,0.01324038,131072,132071
ctx128k_req008,128k,131072,1000,37,131072,1000,19588,0.14944458,0.01302120,131072,132071
ctx128k_req008,128k,131072,1000,38,131072,1000,52473,0.40033722,0.01339619,131072,132071
ctx128k_req008,128k,131072,1000,39,131072,1000,57677,0.44004059,0.01319404,131072,132071
ctx128k_req008,128k,131072,1000,40,131072,1000,28391,0.21660614,0.01340587,131072,132071
ctx128k_req008,128k,131072,1000,41,131072,1000,24512,0.18701172,0.01311147,131072,132071
ctx128k_req008,128k,131072,1000,42,131072,1000,26307,0.20070648,0.01332253,131072,132071
ctx128k_req008,128k,131072,1000,43,131072,1000,53399,0.40740204,0.01359521,131072,132071
ctx128k_req008,128k,131072,1000,44,131072,1000,16657,0.12708282,0.01260471,131072,132071
ctx128k_req008,128k,131072,1000,45,131072,1000,39896,0.30438232,0.01316364,131072,132071
ctx128k_req008,128k,131072,1000,46,131072,1000,55473,0.42322540,0.01370412,131072,132071
ctx128k_req008,128k,131072,1000,47,131072,1000,20454,0.15605164,0.01301738,131072,132071
ctx128k_req008,128k,131072,1000,48,131072,1000,29802,0.22737122,0.01340607,131072,132071
ctx128k_req008,128k,131072,1000,49,131072,1000,34837,0.26578522,0.01286873,131072,132071
ctx128k_req008,128k,131072,1000,50,131072,1000,34748,0.26510620,0.01353792,131072,132071
ctx128k_req008,128k,131072,1000,51,131072,1000,32016,0.24426270,0.01322882,131072,132071
ctx128k_req008,128k,131072,1000,52,131072,1000,26251,0.20027924,0.01284214,131072,132071
ctx128k_req008,128k,131072,1000,53,131072,1000,20629,0.15738678,0.01286214,131072,132071
ctx128k_req008,128k,131072,1000,54,131072,1000,19782,0.15092468,0.01261941,131072,132071
ctx128k_req008,128k,131072,1000,55,131072,1000,54114,0.41285706,0.01306176,131072,132071
ctx128k_req008,128k,131072,1000,56,131072,1000,22718,0.17332458,0.01254253,131072,132071
ctx128k_req008,128k,131072,1000,57,131072,1000,29753,0.22699738,0.01314681,131072,132071
ctx128k_req008,128k,131072,1000,58,131072,1000,15129,0.11542511,0.01305302,131072,132071
ctx128k_req008,128k,131072,1000,59,131072,1000,24931,0.19020844,0.01287457,131072,132071
ctx128k_req008,128k,131072,1000,60,131072,1000,17286,0.13188171,0.01230534,131072,132071
ctx128k_req009,128k,131072,1000,0,131072,1000,13146,0.10029602,0.01552513,131072,132071
ctx128k_req009,128k,131072,1000,1,131072,1000,4679,0.03569794,0.01520534,131072,132071
ctx128k_req009,128k,131072,1000,2,131072,1000,14391,0.10979462,0.01228189,131072,132071
ctx128k_req009,128k,131072,1000,3,131072,1000,10251,0.07820892,0.01403819,131072,132071
ctx128k_req009,128k,131072,1000,4,131072,1000,27156,0.20718384,0.01450928,131072,132071
ctx128k_req009,128k,131072,1000,5,131072,1000,6984,0.05328369,0.01289860,131072,132071
ctx128k_req009,128k,131072,1000,6,131072,1000,22761,0.17365265,0.01242149,131072,132071
ctx128k_req009,128k,131072,1000,7,131072,1000,15158,0.11564636,0.01222207,131072,132071
ctx128k_req009,128k,131072,1000,8,131072,1000,14442,0.11018372,0.01205225,131072,132071
ctx128k_req009,128k,131072,1000,9,131072,1000,13257,0.10114288,0.01255186,131072,132071
ctx128k_req009,128k,131072,1000,10,131072,1000,15107,0.11525726,0.01284273,131072,132071
ctx128k_req009,128k,131072,1000,11,131072,1000,34618,0.26411438,0.01267601,131072,132071
ctx128k_req009,128k,131072,1000,12,131072,1000,19481,0.14862823,0.01271038,131072,132071
ctx128k_req009,128k,131072,1000,13,131072,1000,13434,0.10249329,0.01240778,131072,132071
ctx128k_req009,128k,131072,1000,14,131072,1000,11279,0.08605194,0.01281339,131072,132071
ctx128k_req009,128k,131072,1000,15,131072,1000,19087,0.14562225,0.01276678,131072,132071
ctx128k_req009,128k,131072,1000,16,131072,1000,17474,0.13331604,0.01255333,131072,132071
ctx128k_req009,128k,131072,1000,17,131072,1000,92602,0.70649719,0.01355576,131072,132071
ctx128k_req009,128k,131072,1000,18,131072,1000,11349,0.08658600,0.01243293,131072,132071
ctx128k_req009,128k,131072,1000,19,131072,1000,25616,0.19543457,0.01248608,131072,132071
ctx128k_req009,128k,131072,1000,20,131072,1000,39110,0.29838562,0.01299075,131072,132071
ctx128k_req009,128k,131072,1000,21,131072,1000,33181,0.25315094,0.01304012,131072,132071
ctx128k_req009,128k,131072,1000,22,131072,1000,13535,0.10326385,0.01269136,131072,132071
ctx128k_req009,128k,131072,1000,23,131072,1000,16302,0.12437439,0.01260310,131072,132071
ctx128k_req009,128k,131072,1000,24,131072,1000,30806,0.23503113,0.01339997,131072,132071
ctx128k_req009,128k,131072,1000,25,131072,1000,13959,0.10649872,0.01273739,131072,132071
ctx128k_req009,128k,131072,1000,26,131072,1000,35455,0.27050018,0.01326478,131072,132071
ctx128k_req009,128k,131072,1000,27,131072,1000,30321,0.23133087,0.01354339,131072,132071
ctx128k_req009,128k,131072,1000,28,131072,1000,31735,0.24211884,0.01294699,131072,132071
ctx128k_req009,128k,131072,1000,29,131072,1000,40378,0.30805969,0.01324176,131072,132071
ctx128k_req009,128k,131072,1000,30,131072,1000,26987,0.20589447,0.01315969,131072,132071
ctx128k_req009,128k,131072,1000,31,131072,1000,26881,0.20508575,0.01339323,131072,132071
ctx128k_req009,128k,131072,1000,32,131072,1000,21575,0.16460419,0.01326714,131072,132071
ctx128k_req009,128k,131072,1000,33,131072,1000,38104,0.29071045,0.01340026,131072,132071
ctx128k_req009,128k,131072,1000,34,131072,1000,15725,0.11997223,0.01317416,131072,132071
ctx128k_req009,128k,131072,1000,35,131072,1000,27868,0.21261597,0.01348555,131072,132071
ctx128k_req009,128k,131072,1000,36,131072,1000,20036,0.15286255,0.01292699,131072,132071
ctx128k_req009,128k,131072,1000,37,131072,1000,18079,0.13793182,0.01271301,131072,132071
ctx128k_req009,128k,131072,1000,38,131072,1000,42342,0.32304382,0.01299779,131072,132071
ctx128k_req009,128k,131072,1000,39,131072,1000,49562,0.37812805,0.01289840,131072,132071
ctx128k_req009,128k,131072,1000,40,131072,1000,27217,0.20764923,0.01316055,131072,132071
ctx128k_req009,128k,131072,1000,41,131072,1000,22287,0.17003632,0.01280888,131072,132071
ctx128k_req009,128k,131072,1000,42,131072,1000,23372,0.17831421,0.01288860,131072,132071
ctx128k_req009,128k,131072,1000,43,131072,1000,47151,0.35973358,0.01342638,131072,132071
ctx128k_req009,128k,131072,1000,44,131072,1000,15205,0.11600494,0.01240108,131072,132071
ctx128k_req009,128k,131072,1000,45,131072,1000,31435,0.23983002,0.01285033,131072,132071
ctx128k_req009,128k,131072,1000,46,131072,1000,48902,0.37309265,0.01329606,131072,132071
ctx128k_req009,128k,131072,1000,47,131072,1000,16182,0.12345886,0.01259646,131072,132071
ctx128k_req009,128k,131072,1000,48,131072,1000,24360,0.18585205,0.01307177,131072,132071
ctx128k_req009,128k,131072,1000,49,131072,1000,27421,0.20920563,0.01261046,131072,132071
ctx128k_req009,128k,131072,1000,50,131072,1000,27577,0.21039581,0.01303374,131072,132071
ctx128k_req009,128k,131072,1000,51,131072,1000,23775,0.18138885,0.01281779,131072,132071
ctx128k_req009,128k,131072,1000,52,131072,1000,24050,0.18348694,0.01252127,131072,132071
ctx128k_req009,128k,131072,1000,53,131072,1000,20425,0.15583038,0.01255419,131072,132071
ctx128k_req009,128k,131072,1000,54,131072,1000,16008,0.12213135,0.01235820,131072,132071
ctx128k_req009,128k,131072,1000,55,131072,1000,38176,0.29125977,0.01264310,131072,132071
ctx128k_req009,128k,131072,1000,56,131072,1000,19906,0.15187073,0.01237243,131072,132071
ctx128k_req009,128k,131072,1000,57,131072,1000,23787,0.18148041,0.01284524,131072,132071
ctx128k_req009,128k,131072,1000,58,131072,1000,14288,0.10900879,0.01272466,131072,132071
ctx128k_req009,128k,131072,1000,59,131072,1000,20385,0.15552521,0.01257887,131072,132071
ctx128k_req009,128k,131072,1000,60,131072,1000,14622,0.11155701,0.01215566,131072,132071
ctx128k_req010,128k,131072,1000,0,131072,1000,13451,0.10262299,0.01552406,131072,132071
ctx128k_req010,128k,131072,1000,1,131072,1000,4734,0.03611755,0.01523567,131072,132071
ctx128k_req010,128k,131072,1000,2,131072,1000,13992,0.10675049,0.01235294,131072,132071
ctx128k_req010,128k,131072,1000,3,131072,1000,9448,0.07208252,0.01405750,131072,132071
ctx128k_req010,128k,131072,1000,4,131072,1000,28656,0.21862793,0.01440601,131072,132071
ctx128k_req010,128k,131072,1000,5,131072,1000,7528,0.05743408,0.01280514,131072,132071
ctx128k_req010,128k,131072,1000,6,131072,1000,24585,0.18756866,0.01259258,131072,132071
ctx128k_req010,128k,131072,1000,7,131072,1000,17569,0.13404083,0.01242316,131072,132071
ctx128k_req010,128k,131072,1000,8,131072,1000,14878,0.11351013,0.01223202,131072,132071
ctx128k_req010,128k,131072,1000,9,131072,1000,16032,0.12231445,0.01302814,131072,132071
ctx128k_req010,128k,131072,1000,10,131072,1000,16260,0.12405396,0.01305345,131072,132071
ctx128k_req010,128k,131072,1000,11,131072,1000,40671,0.31029510,0.01323454,131072,132071
ctx128k_req010,128k,131072,1000,12,131072,1000,19754,0.15071106,0.01293228,131072,132071
ctx128k_req010,128k,131072,1000,13,131072,1000,13573,0.10355377,0.01273370,131072,132071
ctx128k_req010,128k,131072,1000,14,131072,1000,11620,0.08865356,0.01329005,131072,132071
ctx128k_req010,128k,131072,1000,15,131072,1000,23665,0.18054962,0.01342487,131072,132071
ctx128k_req010,128k,131072,1000,16,131072,1000,22291,0.17006683,0.01310821,131072,132071
ctx128k_req010,128k,131072,1000,17,131072,1000,94769,0.72303009,0.01406904,131072,132071
ctx128k_req010,128k,131072,1000,18,131072,1000,14437,0.11014557,0.01302199,131072,132071
ctx128k_req010,128k,131072,1000,19,131072,1000,39748,0.30325317,0.01330636,131072,132071
ctx128k_req010,128k,131072,1000,20,131072,1000,54127,0.41295624,0.01364205,131072,132071
ctx128k_req010,128k,131072,1000,21,131072,1000,47372,0.36141968,0.01383048,131072,132071
ctx128k_req010,128k,131072,1000,22,131072,1000,17077,0.13028717,0.01323889,131072,132071
ctx128k_req010,128k,131072,1000,23,131072,1000,21886,0.16697693,0.01336069,131072,132071
ctx128k_req010,128k,131072,1000,24,131072,1000,36758,0.28044128,0.01401263,131072,132071
ctx128k_req010,128k,131072,1000,25,131072,1000,17866,0.13630676,0.01332428,131072,132071
ctx128k_req010,128k,131072,1000,26,131072,1000,44793,0.34174347,0.01372487,131072,132071
ctx128k_req010,128k,131072,1000,27,131072,1000,37267,0.28432465,0.01395029,131072,132071
ctx128k_req010,128k,131072,1000,28,131072,1000,40711,0.31060028,0.01362794,131072,132071
ctx128k_req010,128k,131072,1000,29,131072,1000,50435,0.38478851,0.01378384,131072,132071
ctx128k_req010,128k,131072,1000,30,131072,1000,36242,0.27650452,0.01367622,131072,132071
ctx128k_req010,128k,131072,1000,31,131072,1000,35860,0.27359009,0.01381902,131072,132071
ctx128k_req010,128k,131072,1000,32,131072,1000,32538,0.24824524,0.01376044,131072,132071
ctx128k_req010,128k,131072,1000,33,131072,1000,50218,0.38313293,0.01395367,131072,132071
ctx128k_req010,128k,131072,1000,34,131072,1000,21784,0.16619873,0.01375971,131072,132071
ctx128k_req010,128k,131072,1000,35,131072,1000,38295,0.29216766,0.01396653,131072,132071
ctx128k_req010,128k,131072,1000,36,131072,1000,30569,0.23322296,0.01346120,131072,132071
ctx128k_req010,128k,131072,1000,37,131072,1000,21942,0.16740417,0.01352264,131072,132071
ctx128k_req010,128k,131072,1000,38,131072,1000,56120,0.42816162,0.01388371,131072,132071
ctx128k_req010,128k,131072,1000,39,131072,1000,59760,0.45593262,0.01375146,131072,132071
ctx128k_req010,128k,131072,1000,40,131072,1000,30658,0.23390198,0.01376763,131072,132071
ctx128k_req010,128k,131072,1000,41,131072,1000,26694,0.20365906,0.01363939,131072,132071
ctx128k_req010,128k,131072,1000,42,131072,1000,29875,0.22792816,0.01355940,131072,132071
ctx128k_req010,128k,131072,1000,43,131072,1000,56023,0.42742157,0.01404440,131072,132071
ctx128k_req010,128k,131072,1000,44,131072,1000,17048,0.13006592,0.01289753,131072,132071
ctx128k_req010,128k,131072,1000,45,131072,1000,40842,0.31159973,0.01351303,131072,132071
ctx128k_req010,128k,131072,1000,46,131072,1000,55431,0.42290497,0.01405627,131072,132071
ctx128k_req010,128k,131072,1000,47,131072,1000,22537,0.17194366,0.01349339,131072,132071
ctx128k_req010,128k,131072,1000,48,131072,1000,30965,0.23624420,0.01374204,131072,132071
ctx128k_req010,128k,131072,1000,49,131072,1000,37918,0.28929138,0.01328577,131072,132071
ctx128k_req010,128k,131072,1000,50,131072,1000,35104,0.26782227,0.01390738,131072,132071
ctx128k_req010,128k,131072,1000,51,131072,1000,35303,0.26934052,0.01361295,131072,132071
ctx128k_req010,128k,131072,1000,52,131072,1000,29698,0.22657776,0.01320679,131072,132071
ctx128k_req010,128k,131072,1000,53,131072,1000,24099,0.18386078,0.01311015,131072,132071
ctx128k_req010,128k,131072,1000,54,131072,1000,21742,0.16587830,0.01326331,131072,132071
ctx128k_req010,128k,131072,1000,55,131072,1000,54467,0.41555023,0.01349852,131072,132071
ctx128k_req010,128k,131072,1000,56,131072,1000,27920,0.21301270,0.01288355,131072,132071
ctx128k_req010,128k,131072,1000,57,131072,1000,35587,0.27150726,0.01334924,131072,132071
ctx128k_req010,128k,131072,1000,58,131072,1000,17450,0.13313293,0.01307368,131072,132071
ctx128k_req010,128k,131072,1000,59,131072,1000,28149,0.21475983,0.01327234,131072,132071
ctx128k_req010,128k,131072,1000,60,131072,1000,20776,0.15850830,0.01272890,131072,132071
ctx128k_req011,128k,131072,1000,0,131072,1000,12966,0.09892273,0.01553364,131072,132071
ctx128k_req011,128k,131072,1000,1,131072,1000,5002,0.03816223,0.01519464,131072,132071
ctx128k_req011,128k,131072,1000,2,131072,1000,14639,0.11168671,0.01258666,131072,132071
ctx128k_req011,128k,131072,1000,3,131072,1000,9433,0.07196808,0.01394521,131072,132071
ctx128k_req011,128k,131072,1000,4,131072,1000,27587,0.21047211,0.01431580,131072,132071
ctx128k_req011,128k,131072,1000,5,131072,1000,7222,0.05509949,0.01268287,131072,132071
ctx128k_req011,128k,131072,1000,6,131072,1000,24319,0.18553925,0.01248486,131072,132071
ctx128k_req011,128k,131072,1000,7,131072,1000,17725,0.13523102,0.01236803,131072,132071
ctx128k_req011,128k,131072,1000,8,131072,1000,15329,0.11695099,0.01211420,131072,132071
ctx128k_req011,128k,131072,1000,9,131072,1000,16189,0.12351227,0.01268763,131072,132071
ctx128k_req011,128k,131072,1000,10,131072,1000,15791,0.12047577,0.01279933,131072,132071
ctx128k_req011,128k,131072,1000,11,131072,1000,45712,0.34875488,0.01310756,131072,132071
ctx128k_req011,128k,131072,1000,12,131072,1000,20128,0.15356445,0.01278918,131072,132071
ctx128k_req011,128k,131072,1000,13,131072,1000,13681,0.10437775,0.01252204,131072,132071
ctx128k_req011,128k,131072,1000,14,131072,1000,11770,0.08979797,0.01320842,131072,132071
ctx128k_req011,128k,131072,1000,15,131072,1000,24958,0.19041443,0.01341714,131072,132071
ctx128k_req011,128k,131072,1000,16,131072,1000,22579,0.17226410,0.01280656,131072,132071
ctx128k_req011,128k,131072,1000,17,131072,1000,97375,0.74291229,0.01401762,131072,132071
ctx128k_req011,128k,131072,1000,18,131072,1000,12685,0.09677887,0.01280945,131072,132071
ctx128k_req011,128k,131072,1000,19,131072,1000,35755,0.27278900,0.01328575,131072,132071
ctx128k_req011,128k,131072,1000,20,131072,1000,48226,0.36793518,0.01375497,131072,132071
ctx128k_req011,128k,131072,1000,21,131072,1000,46536,0.35504150,0.01381061,131072,132071
ctx128k_req011,128k,131072,1000,22,131072,1000,16131,0.12306976,0.01313926,131072,132071
ctx128k_req011,128k,131072,1000,23,131072,1000,23091,0.17617035,0.01332902,131072,132071
ctx128k_req011,128k,131072,1000,24,131072,1000,40887,0.31194305,0.01402211,131072,132071
ctx128k_req011,128k,131072,1000,25,131072,1000,19179,0.14632416,0.01333051,131072,132071
ctx128k_req011,128k,131072,1000,26,131072,1000,52584,0.40118408,0.01380344,131072,132071
ctx128k_req011,128k,131072,1000,27,131072,1000,44555,0.33992767,0.01398886,131072,132071
ctx128k_req011,128k,131072,1000,28,131072,1000,45604,0.34793091,0.01362078,131072,132071
ctx128k_req011,128k,131072,1000,29,131072,1000,57058,0.43531799,0.01382098,131072,132071
ctx128k_req011,128k,131072,1000,30,131072,1000,42423,0.32366180,0.01376069,131072,132071
ctx128k_req011,128k,131072,1000,31,131072,1000,43126,0.32902527,0.01395471,131072,132071
ctx128k_req011,128k,131072,1000,32,131072,1000,37911,0.28923798,0.01388358,131072,132071
ctx128k_req011,128k,131072,1000,33,131072,1000,54706,0.41737366,0.01401768,131072,132071
ctx128k_req011,128k,131072,1000,34,131072,1000,24046,0.18345642,0.01382597,131072,132071
ctx128k_req011,128k,131072,1000,35,131072,1000,41554,0.31703186,0.01403654,131072,132071
ctx128k_req011,128k,131072,1000,36,131072,1000,30792,0.23492432,0.01351421,131072,132071
ctx128k_req011,128k,131072,1000,37,131072,1000,21513,0.16413116,0.01349293,131072,132071
ctx128k_req011,128k,131072,1000,38,131072,1000,57260,0.43685913,0.01381081,131072,132071
ctx128k_req011,128k,131072,1000,39,131072,1000,59854,0.45664978,0.01365272,131072,132071
ctx128k_req011,128k,131072,1000,40,131072,1000,34182,0.26078796,0.01382297,131072,132071
ctx128k_req011,128k,131072,1000,41,131072,1000,29145,0.22235870,0.01360789,131072,132071
ctx128k_req011,128k,131072,1000,42,131072,1000,30687,0.23412323,0.01357162,131072,132071
ctx128k_req011,128k,131072,1000,43,131072,1000,58455,0.44597626,0.01394949,131072,132071
ctx128k_req011,128k,131072,1000,44,131072,1000,17400,0.13275146,0.01284981,131072,132071
ctx128k_req011,128k,131072,1000,45,131072,1000,45131,0.34432220,0.01352271,131072,132071
ctx128k_req011,128k,131072,1000,46,131072,1000,60154,0.45893860,0.01400365,131072,132071
ctx128k_req011,128k,131072,1000,47,131072,1000,22736,0.17346191,0.01326450,131072,132071
ctx128k_req011,128k,131072,1000,48,131072,1000,33411,0.25490570,0.01368880,131072,132071
ctx128k_req011,128k,131072,1000,49,131072,1000,40746,0.31086731,0.01325542,131072,132071
ctx128k_req011,128k,131072,1000,50,131072,1000,39286,0.29972839,0.01375011,131072,132071
ctx128k_req011,128k,131072,1000,51,131072,1000,36097,0.27539825,0.01356023,131072,132071
ctx128k_req011,128k,131072,1000,52,131072,1000,29933,0.22837067,0.01321264,131072,132071
ctx128k_req011,128k,131072,1000,53,131072,1000,24266,0.18513489,0.01308015,131072,132071
ctx128k_req011,128k,131072,1000,54,131072,1000,22977,0.17530060,0.01319650,131072,132071
ctx128k_req011,128k,131072,1000,55,131072,1000,58497,0.44629669,0.01351022,131072,132071
ctx128k_req011,128k,131072,1000,56,131072,1000,27355,0.20870209,0.01290762,131072,132071
ctx128k_req011,128k,131072,1000,57,131072,1000,34545,0.26355743,0.01338933,131072,132071
ctx128k_req011,128k,131072,1000,58,131072,1000,16763,0.12789154,0.01306725,131072,132071
ctx128k_req011,128k,131072,1000,59,131072,1000,31170,0.23780823,0.01318230,131072,132071
ctx128k_req011,128k,131072,1000,60,131072,1000,19753,0.15070343,0.01258821,131072,132071
ctx128k_req012,128k,131072,1000,0,131072,1000,13523,0.10317230,0.01553195,131072,132071
ctx128k_req012,128k,131072,1000,1,131072,1000,5010,0.03822327,0.01519812,131072,132071
ctx128k_req012,128k,131072,1000,2,131072,1000,14757,0.11258698,0.01254670,131072,132071
ctx128k_req012,128k,131072,1000,3,131072,1000,9761,0.07447052,0.01398611,131072,132071
ctx128k_req012,128k,131072,1000,4,131072,1000,26114,0.19923401,0.01432866,131072,132071
ctx128k_req012,128k,131072,1000,5,131072,1000,7471,0.05699921,0.01273608,131072,132071
ctx128k_req012,128k,131072,1000,6,131072,1000,25874,0.19740295,0.01249796,131072,132071
ctx128k_req012,128k,131072,1000,7,131072,1000,18269,0.13938141,0.01242531,131072,132071
ctx128k_req012,128k,131072,1000,8,131072,1000,15256,0.11639404,0.01215179,131072,132071
ctx128k_req012,128k,131072,1000,9,131072,1000,15922,0.12147522,0.01278555,131072,132071
ctx128k_req012,128k,131072,1000,10,131072,1000,16226,0.12379456,0.01291750,131072,132071
ctx128k_req012,128k,131072,1000,11,131072,1000,40149,0.30631256,0.01307102,131072,132071
ctx128k_req012,128k,131072,1000,12,131072,1000,19910,0.15190125,0.01283451,131072,132071
ctx128k_req012,128k,131072,1000,13,131072,1000,13412,0.10232544,0.01265993,131072,132071
ctx128k_req012,128k,131072,1000,14,131072,1000,11590,0.08842468,0.01313886,131072,132071
ctx128k_req012,128k,131072,1000,15,131072,1000,23490,0.17921448,0.01340833,131072,132071
ctx128k_req012,128k,131072,1000,16,131072,1000,21316,0.16262817,0.01282574,131072,132071
ctx128k_req012,128k,131072,1000,17,131072,1000,92212,0.70352173,0.01387371,131072,132071
ctx128k_req012,128k,131072,1000,18,131072,1000,12953,0.09882355,0.01281393,131072,132071
ctx128k_req012,128k,131072,1000,19,131072,1000,31890,0.24330139,0.01307513,131072,132071
ctx128k_req012,128k,131072,1000,20,131072,1000,39482,0.30122375,0.01338722,131072,132071
ctx128k_req012,128k,131072,1000,21,131072,1000,39387,0.30049896,0.01359970,131072,132071
ctx128k_req012,128k,131072,1000,22,131072,1000,15294,0.11668396,0.01292104,131072,132071
ctx128k_req012,128k,131072,1000,23,131072,1000,19573,0.14933014,0.01300466,131072,132071
ctx128k_req012,128k,131072,1000,24,131072,1000,35490,0.27076721,0.01362198,131072,132071
ctx128k_req012,128k,131072,1000,25,131072,1000,15028,0.11465454,0.01309959,131072,132071
ctx128k_req012,128k,131072,1000,26,131072,1000,41334,0.31535339,0.01342213,131072,132071
ctx128k_req012,128k,131072,1000,27,131072,1000,34223,0.26110077,0.01364259,131072,132071
ctx128k_req012,128k,131072,1000,28,131072,1000,34647,0.26433563,0.01335966,131072,132071
ctx128k_req012,128k,131072,1000,29,131072,1000,44273,0.33777618,0.01357261,131072,132071
ctx128k_req012,128k,131072,1000,30,131072,1000,32973,0.25156403,0.01349227,131072,132071
ctx128k_req012,128k,131072,1000,31,131072,1000,29205,0.22281647,0.01350352,131072,132071
ctx128k_req012,128k,131072,1000,32,131072,1000,24162,0.18434143,0.01342160,131072,132071
ctx128k_req012,128k,131072,1000,33,131072,1000,44544,0.33984375,0.01366063,131072,132071
ctx128k_req012,128k,131072,1000,34,131072,1000,18116,0.13821411,0.01353466,131072,132071
ctx128k_req012,128k,131072,1000,35,131072,1000,34136,0.26043701,0.01377453,131072,132071
ctx128k_req012,128k,131072,1000,36,131072,1000,27207,0.20757294,0.01337419,131072,132071
ctx128k_req012,128k,131072,1000,37,131072,1000,22924,0.17489624,0.01338058,131072,132071
ctx128k_req012,128k,131072,1000,38,131072,1000,53959,0.41167450,0.01396437,131072,132071
ctx128k_req012,128k,131072,1000,39,131072,1000,59549,0.45432281,0.01369379,131072,132071
ctx128k_req012,128k,131072,1000,40,131072,1000,29584,0.22570801,0.01369160,131072,132071
ctx128k_req012,128k,131072,1000,41,131072,1000,25234,0.19252014,0.01356393,131072,132071
ctx128k_req012,128k,131072,1000,42,131072,1000,27890,0.21278381,0.01342642,131072,132071
ctx128k_req012,128k,131072,1000,43,131072,1000,54419,0.41518402,0.01390186,131072,132071
ctx128k_req012,128k,131072,1000,44,131072,1000,17341,0.13230133,0.01273930,131072,132071
ctx128k_req012,128k,131072,1000,45,131072,1000,40603,0.30977631,0.01339851,131072,132071
ctx128k_req012,128k,131072,1000,46,131072,1000,54871,0.41863251,0.01392116,131072,132071
ctx128k_req012,128k,131072,1000,47,131072,1000,21864,0.16680908,0.01340650,131072,132071
ctx128k_req012,128k,131072,1000,48,131072,1000,29886,0.22801208,0.01359357,131072,132071
ctx128k_req012,128k,131072,1000,49,131072,1000,35897,0.27387238,0.01309940,131072,132071
ctx128k_req012,128k,131072,1000,50,131072,1000,33623,0.25652313,0.01364211,131072,132071
ctx128k_req012,128k,131072,1000,51,131072,1000,31933,0.24362946,0.01355773,131072,132071
ctx128k_req012,128k,131072,1000,52,131072,1000,27346,0.20863342,0.01320880,131072,132071
ctx128k_req012,128k,131072,1000,53,131072,1000,21987,0.16774750,0.01300566,131072,132071
ctx128k_req012,128k,131072,1000,54,131072,1000,19169,0.14624786,0.01302583,131072,132071
ctx128k_req012,128k,131072,1000,55,131072,1000,53914,0.41133118,0.01336768,131072,132071
ctx128k_req012,128k,131072,1000,56,131072,1000,23736,0.18109131,0.01286929,131072,132071
ctx128k_req012,128k,131072,1000,57,131072,1000,31158,0.23771667,0.01330481,131072,132071
ctx128k_req012,128k,131072,1000,58,131072,1000,15918,0.12144470,0.01286163,131072,132071
ctx128k_req012,128k,131072,1000,59,131072,1000,27098,0.20674133,0.01311801,131072,132071
ctx128k_req012,128k,131072,1000,60,131072,1000,19142,0.14604187,0.01251733,131072,132071
ctx128k_req013,128k,131072,1000,0,131072,1000,12695,0.09685516,0.01553165,131072,132071
ctx128k_req013,128k,131072,1000,1,131072,1000,5087,0.03881073,0.01514619,131072,132071
ctx128k_req013,128k,131072,1000,2,131072,1000,15058,0.11488342,0.01218964,131072,132071
ctx128k_req013,128k,131072,1000,3,131072,1000,10250,0.07820129,0.01403943,131072,132071
ctx128k_req013,128k,131072,1000,4,131072,1000,27194,0.20747375,0.01439481,131072,132071
ctx128k_req013,128k,131072,1000,5,131072,1000,6841,0.05219269,0.01283221,131072,132071
ctx128k_req013,128k,131072,1000,6,131072,1000,24557,0.18735504,0.01241168,131072,132071
ctx128k_req013,128k,131072,1000,7,131072,1000,16973,0.12949371,0.01222070,131072,132071
ctx128k_req013,128k,131072,1000,8,131072,1000,15358,0.11717224,0.01213100,131072,132071
ctx128k_req013,128k,131072,1000,9,131072,1000,15391,0.11742401,0.01245016,131072,132071
ctx128k_req013,128k,131072,1000,10,131072,1000,16460,0.12557983,0.01281477,131072,132071
ctx128k_req013,128k,131072,1000,11,131072,1000,40392,0.30816650,0.01282595,131072,132071
ctx128k_req013,128k,131072,1000,12,131072,1000,20048,0.15295410,0.01266988,131072,132071
ctx128k_req013,128k,131072,1000,13,131072,1000,14518,0.11076355,0.01240295,131072,132071
ctx128k_req013,128k,131072,1000,14,131072,1000,11160,0.08514404,0.01292619,131072,132071
ctx128k_req013,128k,131072,1000,15,131072,1000,24091,0.18379974,0.01291786,131072,132071
ctx128k_req013,128k,131072,1000,16,131072,1000,21820,0.16647339,0.01254641,131072,132071
ctx128k_req013,128k,131072,1000,17,131072,1000,92228,0.70364380,0.01338511,131072,132071
ctx128k_req013,128k,131072,1000,18,131072,1000,13949,0.10642242,0.01239815,131072,132071
ctx128k_req013,128k,131072,1000,19,131072,1000,34139,0.26045990,0.01281851,131072,132071
ctx128k_req013,128k,131072,1000,20,131072,1000,47217,0.36023712,0.01304878,131072,132071
ctx128k_req013,128k,131072,1000,21,131072,1000,42501,0.32425690,0.01321134,131072,132071
ctx128k_req013,128k,131072,1000,22,131072,1000,15504,0.11828613,0.01277386,131072,132071
ctx128k_req013,128k,131072,1000,23,131072,1000,18009,0.13739777,0.01279855,131072,132071
ctx128k_req013,128k,131072,1000,24,131072,1000,33680,0.25695801,0.01335421,131072,132071
ctx128k_req013,128k,131072,1000,25,131072,1000,16740,0.12771606,0.01284116,131072,132071
ctx128k_req013,128k,131072,1000,26,131072,1000,41153,0.31397247,0.01319770,131072,132071
ctx128k_req013,128k,131072,1000,27,131072,1000,34455,0.26287079,0.01336317,131072,132071
ctx128k_req013,128k,131072,1000,28,131072,1000,37146,0.28340149,0.01312357,131072,132071
ctx128k_req013,128k,131072,1000,29,131072,1000,48251,0.36812592,0.01321665,131072,132071
ctx128k_req013,128k,131072,1000,30,131072,1000,36710,0.28007507,0.01327409,131072,132071
ctx128k_req013,128k,131072,1000,31,131072,1000,34999,0.26702118,0.01331463,131072,132071
ctx128k_req013,128k,131072,1000,32,131072,1000,31904,0.24340820,0.01322556,131072,132071
ctx128k_req013,128k,131072,1000,33,131072,1000,48378,0.36909485,0.01332552,131072,132071
ctx128k_req013,128k,131072,1000,34,131072,1000,22222,0.16954041,0.01337164,131072,132071
ctx128k_req013,128k,131072,1000,35,131072,1000,36854,0.28117371,0.01350896,131072,132071
ctx128k_req013,128k,131072,1000,36,131072,1000,31698,0.24183655,0.01311086,131072,132071
ctx128k_req013,128k,131072,1000,37,131072,1000,21532,0.16427612,0.01310518,131072,132071
ctx128k_req013,128k,131072,1000,38,131072,1000,51251,0.39101410,0.01343288,131072,132071
ctx128k_req013,128k,131072,1000,39,131072,1000,57291,0.43709564,0.01328160,131072,132071
ctx128k_req013,128k,131072,1000,40,131072,1000,30930,0.23597717,0.01329660,131072,132071
ctx128k_req013,128k,131072,1000,41,131072,1000,26825,0.20465851,0.01321480,131072,132071
ctx128k_req013,128k,131072,1000,42,131072,1000,27400,0.20904541,0.01324093,131072,132071
ctx128k_req013,128k,131072,1000,43,131072,1000,53503,0.40819550,0.01351256,131072,132071
ctx128k_req013,128k,131072,1000,44,131072,1000,16347,0.12471771,0.01269904,131072,132071
ctx128k_req013,128k,131072,1000,45,131072,1000,40010,0.30525208,0.01328402,131072,132071
ctx128k_req013,128k,131072,1000,46,131072,1000,55485,0.42331696,0.01360776,131072,132071
ctx128k_req013,128k,131072,1000,47,131072,1000,19769,0.15082550,0.01327000,131072,132071
ctx128k_req013,128k,131072,1000,48,131072,1000,28923,0.22066498,0.01344353,131072,132071
ctx128k_req013,128k,131072,1000,49,131072,1000,35865,0.27362823,0.01309683,131072,132071
ctx128k_req013,128k,131072,1000,50,131072,1000,34403,0.26247406,0.01345367,131072,132071
ctx128k_req013,128k,131072,1000,51,131072,1000,29978,0.22871399,0.01338342,131072,132071
ctx128k_req013,128k,131072,1000,52,131072,1000,26697,0.20368195,0.01313776,131072,132071
ctx128k_req013,128k,131072,1000,53,131072,1000,23758,0.18125916,0.01301414,131072,132071
ctx128k_req013,128k,131072,1000,54,131072,1000,19618,0.14967346,0.01298047,131072,132071
ctx128k_req013,128k,131072,1000,55,131072,1000,49927,0.38091278,0.01332622,131072,132071
ctx128k_req013,128k,131072,1000,56,131072,1000,25505,0.19458771,0.01280944,131072,132071
ctx128k_req013,128k,131072,1000,57,131072,1000,30312,0.23126221,0.01326257,131072,132071
ctx128k_req013,128k,131072,1000,58,131072,1000,16585,0.12653351,0.01296474,131072,132071
ctx128k_req013,128k,131072,1000,59,131072,1000,27836,0.21237183,0.01304504,131072,132071
ctx128k_req013,128k,131072,1000,60,131072,1000,20959,0.15990448,0.01238757,131072,132071
ctx128k_req014,128k,131072,1000,0,131072,1000,12790,0.09757996,0.01552091,131072,132071
ctx128k_req014,128k,131072,1000,1,131072,1000,5027,0.03835297,0.01516871,131072,132071
ctx128k_req014,128k,131072,1000,2,131072,1000,14988,0.11434937,0.01250568,131072,132071
ctx128k_req014,128k,131072,1000,3,131072,1000,10255,0.07823944,0.01409839,131072,132071
ctx128k_req014,128k,131072,1000,4,131072,1000,27156,0.20718384,0.01447818,131072,132071
ctx128k_req014,128k,131072,1000,5,131072,1000,7228,0.05514526,0.01314682,131072,132071
ctx128k_req014,128k,131072,1000,6,131072,1000,24143,0.18419647,0.01284170,131072,132071
ctx128k_req014,128k,131072,1000,7,131072,1000,16331,0.12459564,0.01284669,131072,132071
ctx128k_req014,128k,131072,1000,8,131072,1000,14253,0.10874176,0.01235538,131072,132071
ctx128k_req014,128k,131072,1000,9,131072,1000,14666,0.11189270,0.01339604,131072,132071
ctx128k_req014,128k,131072,1000,10,131072,1000,15903,0.12133026,0.01338811,131072,132071
ctx128k_req014,128k,131072,1000,11,131072,1000,33441,0.25513458,0.01341277,131072,132071
ctx128k_req014,128k,131072,1000,12,131072,1000,19400,0.14801025,0.01305396,131072,132071
ctx128k_req014,128k,131072,1000,13,131072,1000,13725,0.10471344,0.01294219,131072,132071
ctx128k_req014,128k,131072,1000,14,131072,1000,10902,0.08317566,0.01340953,131072,132071
ctx128k_req014,128k,131072,1000,15,131072,1000,19566,0.14927673,0.01338501,131072,132071
ctx128k_req014,128k,131072,1000,16,131072,1000,18827,0.14363861,0.01321248,131072,132071
ctx128k_req014,128k,131072,1000,17,131072,1000,84359,0.64360809,0.01371461,131072,132071
ctx128k_req014,128k,131072,1000,18,131072,1000,12575,0.09593964,0.01305494,131072,132071
ctx128k_req014,128k,131072,1000,19,131072,1000,27806,0.21214294,0.01309961,131072,132071
ctx128k_req014,128k,131072,1000,20,131072,1000,38052,0.29031372,0.01340701,131072,132071
ctx128k_req014,128k,131072,1000,21,131072,1000,34962,0.26673889,0.01347820,131072,132071
ctx128k_req014,128k,131072,1000,22,131072,1000,13340,0.10177612,0.01315905,131072,132071
ctx128k_req014,128k,131072,1000,23,131072,1000,15887,0.12120819,0.01318337,131072,132071
ctx128k_req014,128k,131072,1000,24,131072,1000,30985,0.23639679,0.01359636,131072,132071
ctx128k_req014,128k,131072,1000,25,131072,1000,14545,0.11096954,0.01314975,131072,132071
ctx128k_req014,128k,131072,1000,26,131072,1000,37992,0.28985596,0.01348474,131072,132071
ctx128k_req014,128k,131072,1000,27,131072,1000,33039,0.25206757,0.01369846,131072,132071
ctx128k_req014,128k,131072,1000,28,131072,1000,33784,0.25775146,0.01337291,131072,132071
ctx128k_req014,128k,131072,1000,29,131072,1000,42318,0.32286072,0.01353505,131072,132071
ctx128k_req014,128k,131072,1000,30,131072,1000,28775,0.21953583,0.01342480,131072,132071
ctx128k_req014,128k,131072,1000,31,131072,1000,30642,0.23377991,0.01363670,131072,132071
ctx128k_req014,128k,131072,1000,32,131072,1000,26938,0.20552063,0.01359425,131072,132071
ctx128k_req014,128k,131072,1000,33,131072,1000,42640,0.32531738,0.01372639,131072,132071
ctx128k_req014,128k,131072,1000,34,131072,1000,17047,0.13005829,0.01362092,131072,132071
ctx128k_req014,128k,131072,1000,35,131072,1000,32130,0.24513245,0.01371594,131072,132071
ctx128k_req014,128k,131072,1000,36,131072,1000,23885,0.18222809,0.01336165,131072,132071
ctx128k_req014,128k,131072,1000,37,131072,1000,19643,0.14986420,0.01334088,131072,132071
ctx128k_req014,128k,131072,1000,38,131072,1000,43765,0.33390045,0.01353041,131072,132071
ctx128k_req014,128k,131072,1000,39,131072,1000,49122,0.37477112,0.01343499,131072,132071
ctx128k_req014,128k,131072,1000,40,131072,1000,27241,0.20783234,0.01356755,131072,132071
ctx128k_req014,128k,131072,1000,41,131072,1000,22899,0.17470551,0.01336414,131072,132071
ctx128k_req014,128k,131072,1000,42,131072,1000,25502,0.19456482,0.01341485,131072,132071
ctx128k_req014,128k,131072,1000,43,131072,1000,49406,0.37693787,0.01378291,131072,132071
ctx128k_req014,128k,131072,1000,44,131072,1000,15592,0.11895752,0.01292443,131072,132071
ctx128k_req014,128k,131072,1000,45,131072,1000,33509,0.25565338,0.01328482,131072,132071
ctx128k_req014,128k,131072,1000,46,131072,1000,52655,0.40172577,0.01371583,131072,132071
ctx128k_req014,128k,131072,1000,47,131072,1000,18062,0.13780212,0.01330973,131072,132071
ctx128k_req014,128k,131072,1000,48,131072,1000,26813,0.20456696,0.01351189,131072,132071
ctx128k_req014,128k,131072,1000,49,131072,1000,30562,0.23316956,0.01322070,131072,132071
ctx128k_req014,128k,131072,1000,50,131072,1000,31494,0.24028015,0.01360785,131072,132071
ctx128k_req014,128k,131072,1000,51,131072,1000,25837,0.19712067,0.01342749,131072,132071
ctx128k_req014,128k,131072,1000,52,131072,1000,25344,0.19335938,0.01326015,131072,132071
ctx128k_req014,128k,131072,1000,53,131072,1000,22589,0.17234039,0.01320376,131072,132071
ctx128k_req014,128k,131072,1000,54,131072,1000,18497,0.14112091,0.01318980,131072,132071
ctx128k_req014,128k,131072,1000,55,131072,1000,41628,0.31759644,0.01337820,131072,132071
ctx128k_req014,128k,131072,1000,56,131072,1000,21709,0.16562653,0.01306644,131072,132071
ctx128k_req014,128k,131072,1000,57,131072,1000,24855,0.18962860,0.01338220,131072,132071
ctx128k_req014,128k,131072,1000,58,131072,1000,15055,0.11486053,0.01320902,131072,132071
ctx128k_req014,128k,131072,1000,59,131072,1000,22532,0.17190552,0.01329848,131072,132071
ctx128k_req014,128k,131072,1000,60,131072,1000,16735,0.12767792,0.01283828,131072,132071
ctx128k_req015,128k,131072,1000,0,131072,1000,13654,0.10417175,0.01554270,131072,132071
ctx128k_req015,128k,131072,1000,1,131072,1000,5110,0.03898621,0.01516916,131072,132071
ctx128k_req015,128k,131072,1000,2,131072,1000,14720,0.11230469,0.01233718,131072,132071
ctx128k_req015,128k,131072,1000,3,131072,1000,10185,0.07770538,0.01400404,131072,132071
ctx128k_req015,128k,131072,1000,4,131072,1000,29197,0.22275543,0.01447046,131072,132071
ctx128k_req015,128k,131072,1000,5,131072,1000,7053,0.05381012,0.01266062,131072,132071
ctx128k_req015,128k,131072,1000,6,131072,1000,24853,0.18961334,0.01227697,131072,132071
ctx128k_req015,128k,131072,1000,7,131072,1000,16607,0.12670135,0.01216644,131072,132071
ctx128k_req015,128k,131072,1000,8,131072,1000,14956,0.11410522,0.01216650,131072,132071
ctx128k_req015,128k,131072,1000,9,131072,1000,14352,0.10949707,0.01214589,131072,132071
ctx128k_req015,128k,131072,1000,10,131072,1000,15554,0.11866760,0.01255043,131072,132071
ctx128k_req015,128k,131072,1000,11,131072,1000,37757,0.28806305,0.01254329,131072,132071
ctx128k_req015,128k,131072,1000,12,131072,1000,19904,0.15185547,0.01265613,131072,132071
ctx128k_req015,128k,131072,1000,13,131072,1000,13578,0.10359192,0.01235443,131072,132071
ctx128k_req015,128k,131072,1000,14,131072,1000,10603,0.08089447,0.01263161,131072,132071
ctx128k_req015,128k,131072,1000,15,131072,1000,20941,0.15976715,0.01261324,131072,132071
ctx128k_req015,128k,131072,1000,16,131072,1000,19541,0.14908600,0.01227007,131072,132071
ctx128k_req015,128k,131072,1000,17,131072,1000,92368,0.70471191,0.01329311,131072,132071
ctx128k_req015,128k,131072,1000,18,131072,1000,12923,0.09859467,0.01232467,131072,132071
ctx128k_req015,128k,131072,1000,19,131072,1000,32396,0.24716187,0.01262775,131072,132071
ctx128k_req015,128k,131072,1000,20,131072,1000,41868,0.31942749,0.01306891,131072,132071
ctx128k_req015,128k,131072,1000,21,131072,1000,38792,0.29595947,0.01318674,131072,132071
ctx128k_req015,128k,131072,1000,22,131072,1000,14789,0.11283112,0.01275745,131072,132071
ctx128k_req015,128k,131072,1000,23,131072,1000,17587,0.13417816,0.01286778,131072,132071
ctx128k_req015,128k,131072,1000,24,131072,1000,33031,0.25200653,0.01343848,131072,132071
ctx128k_req015,128k,131072,1000,25,131072,1000,14867,0.11342621,0.01289195,131072,132071
ctx128k_req015,128k,131072,1000,26,131072,1000,43793,0.33411407,0.01333008,131072,132071
ctx128k_req015,128k,131072,1000,27,131072,1000,34911,0.26634979,0.01355907,131072,132071
ctx128k_req015,128k,131072,1000,28,131072,1000,38789,0.29593658,0.01317838,131072,132071
ctx128k_req015,128k,131072,1000,29,131072,1000,51072,0.38964844,0.01339924,131072,132071
ctx128k_req015,128k,131072,1000,30,131072,1000,36046,0.27500916,0.01337120,131072,132071
ctx128k_req015,128k,131072,1000,31,131072,1000,34192,0.26086426,0.01341289,131072,132071
ctx128k_req015,128k,131072,1000,32,131072,1000,30793,0.23493195,0.01324235,131072,132071
ctx128k_req015,128k,131072,1000,33,131072,1000,47138,0.35963440,0.01341783,131072,132071
ctx128k_req015,128k,131072,1000,34,131072,1000,19226,0.14668274,0.01336082,131072,132071
ctx128k_req015,128k,131072,1000,35,131072,1000,36988,0.28219604,0.01357346,131072,132071
ctx128k_req015,128k,131072,1000,36,131072,1000,28922,0.22065735,0.01307246,131072,132071
ctx128k_req015,128k,131072,1000,37,131072,1000,21589,0.16471100,0.01305254,131072,132071
ctx128k_req015,128k,131072,1000,38,131072,1000,54555,0.41622162,0.01347988,131072,132071
ctx128k_req015,128k,131072,1000,39,131072,1000,58208,0.44409180,0.01326591,131072,132071
ctx128k_req015,128k,131072,1000,40,131072,1000,30595,0.23342133,0.01335575,131072,132071
ctx128k_req015,128k,131072,1000,41,131072,1000,25027,0.19094086,0.01307796,131072,132071
ctx128k_req015,128k,131072,1000,42,131072,1000,27076,0.20657349,0.01315826,131072,132071
ctx128k_req015,128k,131072,1000,43,131072,1000,55338,0.42219543,0.01358932,131072,132071
ctx128k_req015,128k,131072,1000,44,131072,1000,16500,0.12588501,0.01249995,131072,132071
ctx128k_req015,128k,131072,1000,45,131072,1000,38714,0.29536438,0.01308691,131072,132071
ctx128k_req015,128k,131072,1000,46,131072,1000,56576,0.43164062,0.01344975,131072,132071
ctx128k_req015,128k,131072,1000,47,131072,1000,20638,0.15745544,0.01286411,131072,132071
ctx128k_req015,128k,131072,1000,48,131072,1000,28383,0.21654510,0.01320500,131072,132071
ctx128k_req015,128k,131072,1000,49,131072,1000,34877,0.26609039,0.01273001,131072,132071
ctx128k_req015,128k,131072,1000,50,131072,1000,34124,0.26034546,0.01323098,131072,132071
ctx128k_req015,128k,131072,1000,51,131072,1000,31498,0.24031067,0.01313623,131072,132071
ctx128k_req015,128k,131072,1000,52,131072,1000,27209,0.20758820,0.01286710,131072,132071
ctx128k_req015,128k,131072,1000,53,131072,1000,22851,0.17433929,0.01286855,131072,132071
ctx128k_req015,128k,131072,1000,54,131072,1000,19317,0.14737701,0.01262876,131072,132071
ctx128k_req015,128k,131072,1000,55,131072,1000,53181,0.40573883,0.01315836,131072,132071
ctx128k_req015,128k,131072,1000,56,131072,1000,24644,0.18801880,0.01248029,131072,132071
ctx128k_req015,128k,131072,1000,57,131072,1000,30586,0.23335266,0.01290137,131072,132071
ctx128k_req015,128k,131072,1000,58,131072,1000,15546,0.11860657,0.01286990,131072,132071
ctx128k_req015,128k,131072,1000,59,131072,1000,26544,0.20251465,0.01290995,131072,132071
ctx128k_req015,128k,131072,1000,60,131072,1000,19004,0.14498901,0.01230219,131072,132071
